,Coverage,,,,,,,,,,,,,,,,,,,Commercial Borrower Type,,,,,,,,,,,,,,,,,,Borrowing Type,,,,,,,,,,,,,,,,,,,,,,Security Type,,,,,,,,,,,,,,,,,,,,,,,Regulated Bridging,,,,,,,,,,,,,,,,,Unregulated Bridging,,,,,,,,,,,,Valuation Methodologies,,,,,,,,,,,,,,,,,,,,,,,,,,,,,,,,,,,,,,,,,,,,,Refurbishment Loans,,,,,,,,,,,,,,,,,,,,,,,,,,,,,HNW Residential Finance,,,,,,Revolving Facility,,,,,,,,,,,,,,,,,,Self-Build (Regulated Development),,,,,,,,,,,Unregulated Development Finance,,,,,,,,,,,,,,,,,,,,,,,,,,,,,,,,,,,,,,,,,,,,,,,,,,,,,,,,Development Exit,,Valuation Methodologies,,,,,,,,,Commercial Owner-Occupier,,,,Valuation Methodology,,,,,,,,,,,,,Commercial Investment,,,,,,,,,,,,,Acceptable Tenants,,,,Repayment Types,,,,,,,,,,
Lender,England,Wales,Scotland,British Isles,Northern Ireland,Southern Ireland,Europe,Spain,Portugal,France,Italy,Monaco,Netherlands,Switzerland,Belgium,Germany,Asia,US,Canada,Individuals,FTB,FTL,First Time Developers,Ex-Pats,Settled Foreign Nationals,Partnerships,Ltd Cos,Sole Traders,PLCs,LLPs,CICs,SIPP,SSAS,Onshore Trusts,Offshore Trusts,Charities,Probate (Pre GOP),Regulated Bridging,Unregulated Residential Bridging,Unregulated Commercial Bridging,Refurbishment Bridges,Rebridges,Rebridge a Development Exit,BTL Term,Bridge Fusion (Bridge To Let),Unregulated Development Finance,Regulated Development Finance (Self-Build),Development JV Funding,Mezzanine Lending,Development Exit,Term Commercial Owner-Occupier,Term Commercial Investment,Planning Required?,Land with planning,Land Without Planning,Buildings Without Planning,HNW Residential Mortgages,Revolving Facility,Sharia Compliant Loans,Residential,C3 (Single Family),C4 (HMO),Grade 1,Grade 2,Flats above commercial,Semi-Commercial,Commercial,Retail (E),Industrial (B2),Offices (E),Garages (Suis Generis),Wholesale (B8),Agricultural incl. Farms (Suis Generis),Franchises,Petrol Stations (Suis Generis),Professional Practices (E),Schools & Nurseries (F1),Pubs (Suis Generis),"PBSA, Purpose Built Student Accomodation (Suis Generis)",Hotels (C1),Care Homes (C2),Purchasing Ltd Co (Containing Security),1st Charge,Standalone 2nd Charge,Standalone Equitable Charge,Minimum Loan Size,Maximum Loan Size,Max LTV,Max LTPP,Minimum Term,Maximum Term,Serviced,Rolled Interest,Retained,ERCs,Arrangement Fees,Procuration Fee,1st Charge Interest Rate,2nd Charge Interest Rate,1st Charge2,Standalone 2nd Charge2,Standalone Equitable Charge2,Cross-Collateral 2nd Charge,Cross-Collateral Equitable Charge,Minimum Loan Size3,Maximum Loan Size4,Minimum Property Value,Max 1st Charge LTV,Max 2nd Charge LTV,Max LTPP5,"For Standalone 2nd charge, cap on 1st charge",AVM?,Desktop?,Short-Form?,Valuation Panel,Allows No Internal Inspection,OMV,180d,90d,Valuation Methodology,Valuation Retype,Minimum Term6,Maximum Term7,Extension,Extension Fee,Serviced Interest,Serviced Interest Max LtV,Open Finance,Retained Interest,Rolled Up Interest,Simple Interest,Part & Part?,Interest Calculation,Interest returned if term ends sooner,1st Charge Dual Representation,2nd Charge Dual Representation,In House Legals,Legal Overarching Title Indemnity Cover (Perfect Title),Search Indemnity Insurance,Search Validation Insurance,Legal Fees Deducted from net initial advance?,Legal Fees capitalised?,Legal Fees Paid Separately,"If deal doesn't complete, Lenders Legal fees refunded?",Arrangement Fee,Commitment Fee,Commitment Fee Refunded,Admin/Application Fee,Exit Fee (Before Minimum Term),Exit Fee (After Minimum Term),Procuration Fee8,Default Rates,Average Bridge Completion Time,Fastest Completion Time,1st Indicative Rates,2nd Indicative Rates,Cross Collateralisation via 2nd Charge?,Cross Collateralisation via Equitable Charge?,Cross Collateralisation Methodology,Minimum loan,Maximum Loan,Max D1 LTV,Max D2 Drawdown,Max LtGDV,Max Equitable Charge Extraction,Min Term,Max Term,Minimum Property Valuation,Valuation Methodology9,Rolled Interest?,AVMs?,Desktop Valuations?,Short Form,Arrangement Fee10,Exit Fees,Legal Fees,Non-utilisation Fees,Legal Fees Deducted from net initial advance?11,Legal Fees capitalised?12,Allows Dual Rep,QS Fees?,Standard Abortive Fees,Can waive Standard Abortive Fees,Indicative Rates,Procuration Fee13,Max LTV14,Minimum Lend,Capital Repayment,Arrangement Fee15,Interest Only,Residential Rates,1st Charge16,2nd Charge,Minimum Term17,Maximum Term18,Minimum Loan19,Maximum Loan20,1st Charge Max LTV,2nd Charge Max LTV,Non-Utilisation Fee,Borrower needs to be limited company?,Can be secured against Residential in Personal Name?,Can be secured against BTL?,Can be secured against Commercial?,Will Lend to Ex-Pats?,Will Lend on EU-based securities?,Arrangement Fee21,1st Charge Indicative Rates,2nd Charge Indicative Rates,Min Loan,Max Loan,Minimum Term22,Maximum Term23,Max LTV24,Max LtGDV25,Serviced26,Rolled,Planning Required?27,Arrangement Fee28,Indicative Rates29,Min Loan30,Max Loan31,Max LTV32,Max LTPP33,Max LtGDV34,Max LTC,Min Term35,Max Term36,OMV37,180d38,90d39,Valuation Methodology (90d/180d/OMV)?,Site Purchase Funded in Arrears?,Site Remortgage Funded in Arrears?,"Unencumbered Site, Development Loan Funded in Arrears?",Planning Required?40,Allow Equitable Charges?,Allows Cross Collateralisation on primary residence?,Allows Cross Collateralisation on other developments?,Allows Cross Collateralisation on BTL?,1st Charge X Collateralisation LTV,2nd Charge X Collaterlisation LTV,Equitable Charge X Collaterlisation LTV,Minimum Director Hurt Cash or Hurt Equity Requirement?,Will allow planning uplift to contribute as Director's contribution?,Will allow pure equity investor (no charge) to cover directors cash?,Will allow mezzanine investor (with charge) to cover directors cash?,"If mezzanine finance, minimum Director Hurt Cash or Hurt Equity Requirement?",Non-utilisation fees41,Retained Interest42,Rolled Interest43,Simple Interest (No interest charged on interest),QS Fees embedded in terms?,Debenture,Corporate Guarantee in place of PG?,PG Required,Minimum PG,Will accept Unsupported PGs?,Can do singularly liable PG?,Cost Overrun Guarantees (COGs)?,Will accept COGs inplace of PG?,Dual Rep?,Legal Fees Deducted from Net Initial Advance?44,Developer Warranty Required,Standard Abortive Fees?,Can Waive Standard Abortive Fees?,Arrangement Fee45,Arrangement Fee Charged on Net or Gross,Commitment Fee46,Commitment Fee Refunded47,Procuration Fee48,Preferred Exit,Exit Fee,Allows 2nd Charges behind them,Interest Methodology,Indicative Interest Rates,Indicative Interest Rate,LTV,OMV49,180d50,90d51,MUFB Investment Valuation,MUFB Aggregate Valuation,MUFB Block Valuation,Max Term52,Min Loan53,Max Loan54,Min Loan55,Max Loan56,Max LTV57,Valuer Panel,MV VP,180d VP,90d VP,Investment Valuation,Valuation Retype58,Min Term59,Max Term60,Min EPC,Interest Only61,Capital Repayment62,Indicative Interest Rate63,Always Require PG?,Always Require a Debenture?,Min Loan64,Max Loan65,Max LTV66,Valuer Panel67,Valuation Methodology68,Interest Only69,Capital Repayment70,Min Term71,Max Term72,Valuation Retype73,Always Require a PG?,Always Require A Debenture?74,Indicative Interest Rate75,Asylum Seekers,Rent Guarantee,Vulnerable Tenants Let to 3rd Party (not Mears),"Clearspring, Windrush, Serco & Mears",Stress Rate,DSCR (Variable Loans),DSCR (Fixed Rate Loans),Gross To Net Rental Deductions (Non-HMOs),Gross To Net Rental Deductions (HMOs),Rental Used Owner Occupier,Rental Used Investment,Owner Occupied Interest Only,Owner Occupied Capital Repayment,Commercial Investment Interest Only,Commercial Investment Capital Repayment
Lender 1,Y,Y,N,,N,N,N,N,N,N,N,N,N,N,N,N,N,N,N,Y,Y,Y,Y,,,Y,Y,Y,Y,Y,Y,Y,Y,N,N,N,,N,Y,Y,Y,Y,Y,Y,Y,Y,N,N,,Y,Y,Y,N,N,N,N,N,N,,Y,Y,Y,Y,Y,Y,Y,Y,Y,Y,Y,Y,Y,Y,Y,N,N,N,N,N,N,N,Y,,,,,,,,,,,,,,,,,,,,,,,,,,,,,,,,,,,,,,,,,,,,,,,,,,,,,,,,,,,,,,,,,,,,,,,,,,,,,,,,,,,,,,,,,,,,,,,,,,,,,,,,,,,,,,,,,,,,,,,,,,,,,,,,,,,,,,,,,,,,,,,,,,,,,,,,,,,,,,,,,,,,,,,,,,,,,,,,,,,,,,,,,,,,,,,,,,,,,,,,,,,,,,,,,,,,,,,,,,,,,,,,,,,,,,,,,,,,,,,,,,,,,,,,,,
Lender 2,Y,Y,N,N,N,N,N,N,N,N,N,N,N,N,N,N,N,N,N,Y,N,TBC,TBC,TBC,N,Y,Y,Y,N,Y,N,Y,Y,Y,N,N,N,N,Y,Y,Y,Y,N,N,N,Y,N,N,N,Y,N,N,Y,Y,N,Y,N,N,N,Y,Y,Y,N,Y,Y,Y,Y,Y,Y,Y,N,N,N,N,N,Y,N,N,Y,Y,N,Y,N/A,N/A,N/A,N/A,N/A,N/A,N/A,N/A,N/A,N/A,N/A,N/A,N/A,N/A,N/A,N/A,N/A,,,,,,,,,,,,,,,,,,,,,,,,,,,,,,,,,,,,,,,,,,,,,,,,,,,,,,,,,,,,,,,,,,,,,,,,,,,,,,,,,,,,,,,N/A,N/A,N/A,N/A,N/A,N/A,N/A,N/A,N/A,N/A,N/A,N/A,N/A,N/A,N/A,N/A,N/A,N/A,N/A,N/A,N/A,N/A,N/A,N/A,N/A,N/A,N/A,N/A,N/A,N/A,N/A,N/A,N/A,N/A,N/A,,,,,,,,,,,,,,,,,,,,,,,,,,,,,,,,,,,,,,,,,,,,,,,,,,,,,,,,,,,,,,,,,,,,N/A,N/A,N/A,N/A,N/A,N/A,N/A,N/A,N/A,N/A,N/A,N/A,N/A,N/A,N/A,N/A,N/A,N/A,N/A,N/A,N/A,N/A,N/A,N/A,N/A,N/A,N/A,N/A,N/A,N/A,,,,,,,,,,,,,,,
Lender 3,Y,Y,Y,,N,N,N,N,N,N,N,N,N,N,N,N,N,N,N,Y,Y,Y,Y,Y,,Y,Y,Y,Y,Y,Y,Y,Y,Y,Y,Y,,N,Y,Y,Y,Y,Y,N,N,N,N,N,N,Y,N,N,N,N,N,Y,N,Y,,Y,Y,Y,N,Y,Y,Y,Y,Y,Y,Y,Y,Y,Y,Y,Y,Y,Y,Y,Y,Y,Y,Y,N/A,N/A,N/A,N/A,N/A,N/A,N/A,N/A,N/A,N/A,N/A,N/A,N/A,N/A,N/A,N/A,N/A,Y,Y,Y,Y,Y,"£300,000","£8,000,000",No Constraint,70% Gross,65% Gross,,,Y (<55% LTV),N,N,"VAS Panel
Direct Surveyors",,Y,N,N,,Y,3m,12m (but will renew),Y,"3% Arrangement Fee
Rate increase by 0.05%",Y,70% Gross,N,N,Y,,Y,Daily,Y,N,N,,Y,Y,Y,Y,N,N,N,3%,N,N,0.5% (If paying broker 2% Proc),3m interest,None,2%,3% PCM,4w,10d,"1.1% Standard
Stepped rate product
3m 0.6% PCM - 3.5% fee
0.9% PCM 4-6m: 1.5% fee for month 4 onwards (cash payment)
1.1% PCM 6-9m
1.2% 9m-12m",1.40%,Y,Y,,"£300,000","£8,000,000",70% Gross,100%,65%,,3m,12m,No Constraint,OMV,Y,Y,N,N,3%,3m Interest,,N,Y,N,N,,,,1.10%,2%,N/A,N/A,N/A,,N/A,N/A,Y,Y,3m,12m,"£500,000","£8,000,000",70% Gross,65% Gross,N (but want around 50% of the facility used),Y,N,Y,Y,Y,N,4%,1.10%,1.40%,N/A,N/A,N/A,N/A,N/A,N/A,N/A,N/A,N/A,N/A,N/A,N/A,N/A,N/A,N/A,N/A,N/A,N/A,N/A,N/A,N/A,N/A,N/A,N/A,N/A,N/A,N/A,N/A,N/A,N/A,N/A,N/A,N/A,N/A,N/A,N/A,N/A,N/A,N/A,N/A,,,,N/A,N/A,N/A,N/A,N/A,N/A,N/A,N/A,N/A,N/A,N/A,N/A,N/A,N/A,N/A,N/A,N/A,N/A,N/A,N/A,N/A,N/A,N/A,N/A,1.10%,70% Gross,Y,N,N,,,,12m,"£300,000","£8,000,000",N/A,N/A,N/A,N/A,N/A,N/A,N/A,N/A,N/A,N/A,N/A,N/A,N/A,N/A,N/A,N/A,N/A,N/A,N/A,N/A,N/A,N/A,N/A,N/A,N/A,N/A,N/A,N/A,N/A,N/A,,,,,,,,,,,,,,,
Lender 4,Y,Y,Y,,N,N,N,N,N,N,N,N,N,N,N,N,N,N,N,Y,Y,Y,Y,,,Y,Y,Y,Y,Y,Y,Y,Y,Y,Y,N,,Y,Y,,Y,Y,N,N,N,Y,Y,Y,,N,N,N,N,Y,N,Y,N,Y,,Y,Y,Y,Y,Y,Y,Y,Y,N,N,N,N,N,N,N,N,N,N,N,Y,N,N,Y,Y,Y,N,"£20,000","£3,000,000",70% Gross,,,,,,,,,,,,Y,Y,N,Y,N,"£20,000",No Max,No Min,70% Gross,"60% Residential 
Commercial - depends on asset",,,"Y (1st Charge residential loans up to £150k gross, 65% LTV)
Y (2nd Charge residential up to £50k gross)
",N,N,"Taylor Wilkinson (Great relationship)
Fast Track Surveyors",,N,Y,N,,Y,No Min,18m,Y,Same or reduced rate vs original terms,Y,70% Gross,N,Y,N,,Y,Gross Facility with refund if loan ends early,Y,N,N,,Y,,,N,Y,,Y,2%,N,N,N,1%,1%,1%,Same,"1st Charge (5d-10d)
2nd Charge (2w)",,"12m deal: 1.3%
1m deal: 1%
Shorter to the term cheaper the interest",1.35 - 1.5% Fixed Residential,Y,N,,"£20,000",No Max,"60% Gross (Land)
70% Gross (Wind and Water Tight)",100%,70% Gross,N/A,1d,15m,No Min,,,"Y (1st Charge residential loans up to £150k gross, 65% LTV)
Y (2nd Charge residential up to £50k gross)
",N,N,2%,1%,,,N,Y,N,No QS,N,Y,1-1.3%,1% Neg,N/A,N/A,N/A,,N/A,N/A,Y,Y,1d,12m,"£20,000",No Max,70% Gross,60% Gross,N,N,M,Y,Y,Y,N,,1-1.3%,1.15%-1.4%,,,,,,,,,,,,"£20,000",No Max,"60% Gross (Land)
70% Gross (Wind and Water Tight)",,70% Gross,100% LTC,1d,15m,,,,"180d value (incl. planning uplift), not looking at PP",Drawdown up to 70% LTV,Drawdown up to 70% LTV,Y,N,Y,Y,Y,Y,70%,60%,N/A,No Min,N/A,Y,Y,Y,N,,,,N/A,Y,,100%,,,Y,N,,N,,,N,Y,,Gross,,,1%,Both (as long as evident),1% of gross utilised facility,Y,,1-1.3%,N/A,N/A,N/A,N/A,N/A,N/A,N/A,N/A,N/A,N/A,N/A,N/A,N/A,N/A,N/A,N/A,N/A,N/A,N/A,N/A,N/A,N/A,N/A,N/A,N/A,N/A,N/A,N/A,N/A,N/A,N/A,N/A,N/A,N/A,N/A,N/A,N/A,N/A,N/A,N/A,N/A,,,,,,,,,,,,,,,
Lender 5,Y,Y,Y,,N,N,N,N,N,N,N,N,N,N,N,N,N,N,N,Y,Y,Y,N,Y,,Y,Y,Y,Y,Y,N,TBC,TBC,Y,Y,N,,N,Y,Y,Y,Y,Y,Y,N,N,N,N,N,Y,N,Y,Y,N,N,N,N,Y,Y,Y,Y,Y,N,Y,Y,Y,Y,Y,N,Y,N,Y,N,Y,N,Y,Y,N,Y,Y,N,N,N/A,N/A,N/A,N/A,N/A,N/A,N/A,N/A,N/A,N/A,N/A,N/A,N/A,N/A,N/A,N/A,N/A,Y,N,N,N,N,"£2,500,000",No Max,No Min,70% Gross,N/A,,N/A,N,N,N,"Savills, Connells, etc.",,Y (block up to 25 units),N,N,,Y,9m,18m,Y,"Depends on circumstance, not ideal for them",Y,70% Gross,N,Y,N,,Y,"Called Profit, not interest",N (called profit not interest),Y,N,,Y,Y,Y,Y,N,N,N,1.50%,N,N,N,Full interest for remaining term,Full interest for remaining term,0.50%,,6w,3w,0.9%-1.1%,N/A,N,N,,"£2,500,000",No Max,70% Gross,100%,Case-by-case,N/A,6m,18m,,,,N,N,N,2%,,,Y,Y,N,N,,,,0.9%-1.1%,0.5% Max,N/A,N/A,N/A,,N/A,N/A,,,,,,,,,,,,,,,,,,,N/A,N/A,N/A,N/A,N/A,N/A,N/A,N/A,N/A,N/A,N/A,N/A,N/A,N/A,N/A,N/A,N/A,N/A,N/A,N/A,N/A,N/A,N/A,N/A,N/A,N/A,N/A,N/A,N/A,N/A,N/A,N/A,N/A,N/A,N/A,N/A,N/A,N/A,N/A,N/A,,,,N/A,N/A,N/A,N/A,N/A,N/A,N/A,N/A,N/A,N/A,N/A,N/A,N/A,N/A,N/A,N/A,N/A,N/A,N/A,N/A,N/A,N/A,N/A,N/A,0.9%-1.1%,70% Gross,Y (under 25 units),N,N,Y (over 25 units),N,N,18m,"£2,500,000",No Max,N/A,N/A,N/A,N/A,N/A,N/A,N/A,N/A,N/A,N/A,N/A,N/A,N/A,N/A,N/A,N/A,N/A,"£2,500,000",No Max,70% Gross,"Savills, Connells, etc","OMV (block up to 25 units)
Investment valuation (over 25 units)","Yes if we opt for a variable pricing structure, they can control how much they pay back per period","Yes if we opt for a variable pricing structure, they can control how much they pay back per period",6m,18m,Y,Y,Y,0.9%-1.1%,Y,Y,N,Y,,,,,,,,,,,
Lender 6,Y,Y,N,,N,N,N,N,N,N,N,N,N,N,N,N,N,N,N,Y,Y,Y,Y,,,Y,Y,Y,Y,Y,Y,Y,Y,Y,Y,Y,,N,Y,,Y,Y,Y,N,N,N,N,N,,Y,N,N,Y,N,N,N,N,N,,Y,Y,Y,Y,Y,Y,Y,Y,Y,Y,Y,N,N,N,N,N,Y,Y,Y,N,Y,Y,Y,N/A,N/A,N/A,N/A,N/A,N/A,N/A,N/A,N/A,N/A,N/A,N/A,N/A,N/A,N/A,N/A,N/A,Y,Y,N,Y,N,"£50,000","£5,000,000","£100,000",75% Gross,65% Gross,,50%,N,Y (Below £1m),Y (Below £1m),"Panel: Method & VAS
Independent Surveyors:
AWH
Devilliers
Knight Frank, Savills",,Y (if liquid),Y (if illiquid),,,Y,3m,24m,Y,Tell them 3-2 months before. 3 months extra - lenient on timelines,Y,,,Y,,,,Daily,Y,N,N,,Y,,,Can choose,Can choose,,Y,2%,Y (4d Completions),N,N,1m,0d,1.50%,2% above existing terms per month,16d,,0.85%-0.95%,1.05%,Y,N,TBC,"£50,000","£5,000,000",70% Gross,100%,65% Gross,N/A,1m,24m,"£100,000",,,N,Y,Y,2%,0d,"£1500 + VAT
£2,500 + VAT",,Can Choose,Can Choose,N,"Asset Managers (£500 D1, £250 Subsequent visits)",,,0.99%,1.50%,N/A,N/A,N/A,,N/A,N/A,N/A,N/A,N/A,N/A,N/A,N/A,N/A,N/A,N/A,N/A,N/A,N/A,N/A,N/A,N/A,N/A,N/A,N/A,N/A,N/A,N/A,N/A,N/A,N/A,N/A,N/A,N/A,N/A,N/A,N/A,N/A,N/A,N/A,N/A,N/A,N/A,N/A,N/A,N/A,N/A,N/A,N/A,N/A,N/A,N/A,N/A,N/A,N/A,N/A,N/A,N/A,N/A,N/A,N/A,N/A,N/A,N/A,N/A,,,,N/A,N/A,N/A,N/A,N/A,N/A,N/A,N/A,N/A,N/A,N/A,N/A,N/A,N/A,N/A,N/A,N/A,N/A,N/A,N/A,N/A,N/A,N/A,N/A,0.85%-0.95%,75% Gross,Y (if liquid),Y (if Illiquid),N,,,,24m,"£50,000","£5,000,000",N/A,N/A,N/A,N/A,N/A,N/A,N/A,N/A,N/A,N/A,N/A,N/A,N/A,N/A,N/A,N/A,N/A,N/A,N/A,N/A,N/A,N/A,N/A,N/A,N/A,N/A,N/A,N/A,N/A,N/A,N/A,N/A,N/A,N/A,N/A,N/A,N/A,N/A,N/A,N/A,N/A,N/A,N/A,N/A,N/A
Lender 7,Y,Y,Y,,N,N,N,N,N,N,N,N,N,N,N,N,N,N,N,Y,N,N,N,,,Y,Y,N,Y,Y,N,N,N,N,N,N,,N,N,N,N,N,N,Y,N,Y,N,Y,,N,Y,Y,Y,N,N,N,N,N,,Y,Y,Y,N,Y,Y,Y,Y,Y,Y,Y,Y,Y,N,Y,N,Y,Y,N,Y,Y,Y (Min £2m spend),Y,N/A,N/A,N/A,N/A,N/A,N/A,N/A,N/A,N/A,N/A,N/A,N/A,N/A,N/A,N/A,N/A,N/A,N/A,N/A,N/A,N/A,N/A,N/A,N/A,N/A,N/A,N/A,N/A,N/A,N/A,N/A,N/A,N/A,N/A,N/A,N/A,N/A,N/A,N/A,N/A,N/A,N/A,N/A,N/A,N/A,N/A,N/A,N/A,,N/A,N/A,N/A,N/A,N/A,,N/A,N/A,N/A,N/A,N/A,N/A,N/A,N/A,N/A,N/A,N/A,N/A,N/A,N/A,N/A,N/A,N/A,N/A,N/A,N/A,N/A,N/A,N/A,N/A,N/A,N/A,N/A,N/A,N/A,N/A,N/A,N/A,N/A,N/A,N/A,N/A,N/A,N/A,N/A,N/A,N/A,N/A,N/A,N/A,N/A,N/A,N/A,N/A,N/A,N/A,N/A,,N/A,N/A,N/A,N/A,N/A,N/A,N/A,N/A,N/A,N/A,N/A,N/A,N/A,N/A,N/A,N/A,N/A,N/A,N/A,N/A,N/A,N/A,N/A,N/A,N/A,N/A,N/A,N/A,N/A,N/A,N/A,"£1,000,000","£50,000,000","60% Gross (Ground Up)
75% Gross (Conversion)",,65% Gross,85% Gross,3m,36m,,,,180d,Y,Y,Y,Y,,,,,,,,5%,Y,N,N,5%,N,,,,,Can do,Y,10%,,,Y,Can do,,N,,,,,2%,Gross,,,1%,Either,1.25%,Y,,0.77%,N/A,N/A,N/A,N/A,N/A,N/A,N/A,N/A,N/A,N/A,N/A,"£1,000,000","£35,000,000",65%,,,,,,,,,,,,,,,"£1,000,000","£35,000,000",65%,,,,,,,,,,,,,,,,,,,,,,Y,Y,,
Lender 8,Y,Y,Y,,N,N,N,N,N,N,N,N,N,N,N,N,N,N,N,Y,Y,Y,N,,,Y,Y,Y,Y,Y,N,N,N,N,N,N,,N,Y,,Y,Y,Y,N,Y,N,N,N,,N,Y,Y,N,N,N,N,N,Y,,Y,Y,Y,N,Y,N,Y,Y,Y,Y,Y,Y,Y,N,N,N,Y,Y,Y,Y,Y,Y (Owner Occupier Only),Y,N/A,N/A,N/A,N/A,N/A,N/A,N/A,N/A,N/A,N/A,N/A,N/A,N/A,N/A,N/A,N/A,N/A,,,,,,,,,,,,,,,,,,,,,,,,,,,,,,,,,,Daily,,,,,,,,,,,,,,,,,,,,,,,,,,,N/A,N/A,N/A,N/A,,,N/A,N/A,N/A,,,,,,N/A,,,,,,,N/A,,,N/A,N/A,N/A,N/A,N/A,,N/A,N/A,-,-,-,-,-,-,,,,-,-,-,,-,-,,,,N/A,N/A,N/A,N/A,N/A,N/A,N/A,N/A,N/A,N/A,N/A,N/A,N/A,N/A,N/A,N/A,N/A,N/A,N/A,N/A,N/A,N/A,N/A,N/A,N/A,N/A,N/A,N/A,N/A,N/A,N/A,N/A,N/A,N/A,N/A,N/A,N/A,N/A,N/A,N/A,,,,N/A,N/A,N/A,N/A,N/A,N/A,N/A,N/A,N/A,N/A,N/A,N/A,N/A,N/A,N/A,N/A,N/A,N/A,N/A,N/A,N/A,N/A,N/A,N/A,N/A,N/A,N/A,N/A,N/A,N/A,N/A,N/A,N/A,N/A,N/A,"£150,000","£20,000,000",80%,VAS Panel,Y,N,N,N,Y,,,,,,,N,N,"£150,000","£20,000,000",75%,VAS Panel,VP over 12m,,,,,Y,N,N,,N,Y,N,,Fixed Rate,130%,130%,Gross Rents,Gross Rents,Gross Rents,EBITDA - Dividends - Utilities (3x),Y,Y,Y,Y
Lender 9,N,N,N,,Y,N,N,N,N,,N,,N,,N,N,N,N,N,,,,,,,,,,,,,,,,,,,,,,,,,,,,,,,,,,,,,,,,,,,,,,,,,,,,,,,,,,,,,,,,,,,,,,,,,,,,,,,,,,,,,,,,,,,,,,,,,,,,,,,,,,,,,,,,,,,,,,,,,,,,,,,,,,,,,,,,,,,,,,,,,,,,,,,,,,,,,,,,,,,,,,,,,,,,,,,,,,,,,,,,,,,,,,,,,,,,,,,,,,,,,,,,,,,,,,,,,,,,,,,,,,,,,,,,,,,,,,,,,,,,,,,,,,,,,,,,,,,,,,,,,,,,,,,,,,,,,,,,,,,,,,,,,,,,,,,,,,,,,,,,,,,,,,,,,
Lender 10,Y,Y,Y,,N,N,N,N,N,N,N,N,N,N,N,N,N,N,N,Y,Y,Y,Y,,,Y,Y,Y,N,N,N,N,N,N,N,N,,Y,Y,Y,Y,Y,Y,N,N,Y,Y,Y,,Y,Y,Y,Y,N,N,N,N,Y,,Y,Y,Y,N,Y,Y,Y,Y,Y,Y,Y,Y,Y,N,Y,N,Y,N,N,Y,Y,Y,Y,Y,Y,N,"£200,000","£10,000,000",75% Gross,,,,,,,,,,0.75%,0.85%,Y,Y,N,Y,Y,"£200,000","£10,000,000","£100,000",75%,65% Gross,,,Y,Y,N,"VAS & Method
On Redbook bespoke (Knights, Savills, Strutt & Parker, Aitchison Raffety)",,Y,N,N,,Y,3m,5y,Y,"1% Extension Fee
£1k Admin Fee",Y,75%,,Y,Y,,,Monthly,Y,N,N,,Y,Y,,Y,N,,N,2%,N,N/A,N,1%,N,1.50%,3%,,,0.75%,0.85%,Y,Y,2 Separate LTVs applied. Existing BTL will apply 70% LTV subtract the 1st charge,"£200,000","£10,000,000",70% Gross,100%,75% Gross,70%,3m,5y,"£100,000",,,Y,Y,N/A,,N,,,Y,N,N,,,,0.85%,,N/A,N/A,N/A,,N/A,N/A,Y,Y,24m,36m,"£250,000","£2,000,000",70%,65%,0.20%,N,Y (2nd Charge Only),Y,Y,Y,N,,1.05%,1.10%,,,,,,,,,,,,"£200,000","£10,000,000",70% Gross,,70% Gross,85% Gross,12m,24m,,,,OMV,Y,Y,Y,,Y,Y,Y,Y,,,,No Min,No Min,No Min,No Min,No Min,N,,,,,,,,,,,,,N,Y,,,,2%,Gross,,,1.50%,,,Y,,1.05%,0.75-0.825%,75% Gross,,,,,,,12m,"£200,000","£10,000,000","£200,000","£10,000,000",70% Gross,,Y,N,N,N,Y,,5y,,,,,,,"£200,000","£10,000,000",70% Gross,,VP,,,,5y,Y,,,,,,,,,,,,,,,,,,
Lender 11,Y,Y,Y,,N,N,N,N,N,N,N,N,N,N,N,N,N,N,N,Y,Y,Y,N,,,Y,Y,Y,Y,Y,N,N,N,Y,N,N,,N,N,,N,N,N,N,N,N,N,N,,N,Y,Y,Y,Y,Y,N,Y,N,,Y,Y,Y,Y,Y,Y,Y,Y,Y,Y,Y,Y,Y,Y,Y,Y,Y,Y,Y,Y,Y,Y,Y,N/A,N/A,N/A,N/A,N/A,N/A,N/A,N/A,N/A,N/A,N/A,N/A,N/A,N/A,N/A,N/A,N/A,N/A,N/A,N/A,N/A,N/A,N/A,N/A,N/A,N/A,N/A,N/A,N/A,N/A,N/A,N/A,N/A,N/A,N/A,N/A,N/A,N/A,N/A,N/A,N/A,N/A,N/A,N/A,N/A,N/A,N/A,N/A,,N/A,N/A,N/A,N/A,N/A,,N/A,N/A,N/A,N/A,N/A,N/A,N/A,N/A,N/A,N/A,N/A,N/A,N/A,N/A,N/A,N/A,N/A,N/A,N/A,N/A,N/A,N/A,N/A,N/A,N/A,N/A,N/A,N/A,N/A,N/A,N/A,N/A,N/A,N/A,N/A,N/A,N/A,N/A,N/A,N/A,N/A,N/A,N/A,N/A,N/A,N/A,N/A,N/A,,,,,,,N/A,N/A,N/A,N/A,N/A,N/A,N/A,N/A,N/A,N/A,N/A,N/A,N/A,N/A,N/A,N/A,N/A,N/A,N/A,N/A,N/A,N/A,N/A,N/A,N/A,N/A,N/A,N/A,N/A,N/A,N/A,N/A,N/A,N/A,N/A,N/A,N/A,N/A,N/A,N/A,N/A,N/A,N/A,N/A,N/A,N/A,N/A,N/A,N/A,N/A,N/A,N/A,N/A,N/A,N/A,N/A,N/A,N/A,,,,N/A,N/A,N/A,N/A,N/A,N/A,N/A,N/A,N/A,N/A,N/A,N/A,N/A,N/A,N/A,N/A,N/A,N/A,N/A,N/A,N/A,N/A,N/A,N/A,N/A,N/A,N/A,N/A,N/A,N/A,N/A,N/A,N/A,N/A,N/A,"£5,000",No Max,60% Net,,,,,,,5y,30y,,,,,Y,Y,"£5,000",No Max,60% Net,,Reviewing EBITDA (No DSCR) - Stressed at 8.25% with a surplus,,,5y,30y,,Y,Y,,,,,,,,,,,,,,,,
Lender 12,Y,Y,N,,N,N,N,N,N,N,N,N,N,N,N,N,N,N,N,Y,Y,Y,Y,,,Y,Y,Y,N,N,N,N,N,N,N,N,,N,Y,,N,Y,N,N,N,N,N,N,,N,N,N,N,N,N,"Y (Residential)
N (Commercial)",N,N,,Y,Y,Y,Y,Y,Y (lowers LTV inline with Knowledge Bank BTL Refinance LTVs),Y (if Commercial Vacant),Y (if being converted to residential),Y,Y,Y,Y,Y,Y,Y,Y,Y,Y,Y,Y,Y,Y,Y,N/A,N/A,N/A,N/A,N/A,N/A,N/A,N/A,N/A,N/A,N/A,N/A,N/A,N/A,N/A,N/A,N/A,Y,Y,N,Y,N,"£25,000","£1,000,000",N/A,Max 90% LtOMV (>100% PP + Stamp Duty),70% Gross,No Max,,N,N,N,"SS Panel
CKM
Taylor Wilkinson",,Y,N,N,,Y,6m,12m,"Y (6m, 9m, 12m)",0.5% Paid Upfront,N,N/A,N,Y,N,,N,Daily,Y,N,N,,Y,,,Y,N,,N,"0.5% Gross Facility, Paid Upfront",N,N,N,4m,0m,2% Gross (Paid on redemption),3.3% Serviced,2-3 weeks,,"£75k-£1m Standard Rates (1.3% Blended):
Initial 8m: 0.99% 
Last 4m: 2%
For a 12m term",Same as 1st charge rates,N/A,N/A,N/A,N/A,N/A,N/A,N/A,N/A,N/A,N/A,N/A,N/A,N/A,N/A,N/A,N/A,N/A,N/A,N/A,N/A,N/A,N/A,N/A,N/A,N/A,N/A,N/A,N/A,N/A,N/A,N/A,N/A,,N/A,N/A,N/A,N/A,N/A,N/A,N/A,N/A,N/A,N/A,N/A,N/A,N/A,N/A,N/A,N/A,N/A,N/A,N/A,N/A,N/A,N/A,N/A,N/A,N/A,N/A,N/A,N/A,N/A,N/A,N/A,N/A,N/A,N/A,N/A,N/A,N/A,N/A,N/A,N/A,N/A,N/A,N/A,N/A,N/A,N/A,N/A,N/A,N/A,N/A,N/A,N/A,N/A,N/A,N/A,N/A,N/A,N/A,N/A,N/A,,,,N/A,N/A,N/A,N/A,N/A,N/A,N/A,N/A,N/A,N/A,N/A,N/A,N/A,N/A,N/A,N/A,N/A,N/A,N/A,N/A,N/A,N/A,N/A,N/A,N/A,N/A,N/A,N/A,N/A,N/A,N/A,N/A,N/A,N/A,N/A,N/A,N/A,N/A,N/A,N/A,N/A,N/A,N/A,N/A,N/A,N/A,N/A,N/A,N/A,N/A,N/A,N/A,N/A,N/A,N/A,N/A,N/A,N/A,N/A,N/A,N/A,N/A,N/A,N/A,N/A,N/A,N/A,N/A,N/A,N/A,N/A,N/A,N/A,N/A,N/A,N/A,N/A,N/A,N/A,N/A
Lender 13,Y,Y,N,,N,N,N,N,N,N,N,N,N,N,N,N,N,N,N,Y,N,N,N,,,Y,Y,Y,Y,Y,N,Y,Y,N,N,N,,N,N,N,N,N,N,Y,N,N,N,N,,N,Y,Y,Y,N,N,N,Y,Y,,Y,Y,Y,Y,Y,Y,Y,Y,Y,Y,Y,N,Y,N,N,N,Y,N,Y,Y,Y,Y,Y,N/A,N/A,N/A,N/A,N/A,N/A,N/A,N/A,N/A,N/A,N/A,N/A,N/A,N/A,N/A,N/A,N/A,N/A,N/A,N/A,N/A,N/A,N/A,N/A,N/A,N/A,N/A,N/A,N/A,N/A,N/A,N/A,N/A,N/A,N/A,N/A,N/A,N/A,N/A,N/A,N/A,N/A,N/A,N/A,N/A,N/A,N/A,N/A,,N/A,N/A,N/A,N/A,N/A,,N/A,N/A,N/A,N/A,N/A,N/A,N/A,N/A,N/A,N/A,N/A,N/A,N/A,N/A,N/A,N/A,N/A,N/A,N/A,N/A,N/A,N/A,N/A,N/A,N/A,N/A,N/A,N/A,N/A,N/A,N/A,N/A,N/A,N/A,N/A,N/A,N/A,N/A,N/A,N/A,N/A,N/A,N/A,N/A,N/A,N/A,N/A,N/A,,,,,,,Y,N,12m,36m,"£1,000,000","£40,000,000",55%,N/A,0.25%,Y,Y,Y,Y,Y,N/A,,2-2.5% over Base,N/A,N/A,N/A,N/A,N/A,N/A,N/A,N/A,N/A,N/A,N/A,N/A,N/A,N/A,N/A,N/A,N/A,N/A,N/A,N/A,N/A,N/A,N/A,N/A,N/A,N/A,N/A,N/A,N/A,N/A,N/A,N/A,N/A,N/A,N/A,N/A,N/A,N/A,N/A,N/A,N/A,,,,N/A,N/A,N/A,N/A,N/A,N/A,N/A,N/A,N/A,N/A,N/A,N/A,N/A,N/A,N/A,N/A,N/A,N/A,N/A,N/A,N/A,N/A,N/A,N/A,N/A,N/A,N/A,N/A,N/A,N/A,N/A,N/A,N/A,N/A,N/A,"£1,000,000","£40,000,000",,,,,,,,,,,,,,,,"£1,000,000","£40,000,000",,,,,,,,,,,,Y,Y,N,Y,,,,,,,,,,,
Lender 14,Y,Y,Y,,N,N,N,N,N,N,N,N,N,N,N,N,N,N,N,Y,Y,Y,Y,,,Y,Y,Y,N,Y,N,N,N,N,N,N,,N,Y,Y,Y,Y,Y,N,N,Y,N,N,,Y,N,N,Y,Y,N,Y,N,N,,Y,Y,Y,N,Y,Y,Y,Y,Y,N,Y,N,N,N,N,N,Y,N,N,N,N,N,N,N/A,N/A,N/A,N/A,N/A,N/A,N/A,N/A,N/A,N/A,N/A,N/A,N/A,N/A,N/A,N/A,N/A,Y,N,N,Y,N,"£25,000","£1,000,000","£50,000",75% Gross to 180d VP (Up to >100% PP),N/A,,65% Gross,"Y (up to 65% Gross LTV)
Rightmove Confidence Level",N,N,"3 Panels: Method, Pure & VAS",,N,Y,N,,Y,3m,18m,Y,3% Fee,N,N/A,N,Y,N,,N,Monthly,Y,Y,N/A,,Y,Y,TBC,Y,N,,N,2%,N,N/A,£299,1.25%,1.25%,"1% Gross
Increase to 2% once deals progress",3%,3-4 weeks,7d,0.69% (Above £100k),N/A,Y,TBC,2nd Charge contribution cannot exceed 40% of gross facility,"£25,000","£1,000,000",75% Gross to 180d VP (Up to >100% PP),100%,70% Gross,N/A,3m,12m,"£50,000",,,Y (For under 65% LTV),N,N,2%,1.5% Max,"£1,440 Est.",Y (At product rate),Y,N,Y,Paid separately,,,0.99%,1%,N/A,N/A,N/A,,N/A,N/A,N/A,N/A,N/A,N/A,N/A,N/A,N/A,N/A,N/A,N/A,N/A,N/A,N/A,N/A,N/A,N/A,N/A,N/A,N/A,N/A,N/A,N/A,N/A,N/A,N/A,N/A,N/A,N/A,N/A,"£25,000","£1,000,000",65% Gross,,65% Gross,100% Gross,3m,18m,,,,180d VP,Y,Y,Y,Y,N,Y,Refer,Y,,,,No Min,Y,Y,Y,Y,Y (Pay Rate),,,,N,Y,,Unlimited,,,TBC,N,,N,Y,,N/A,N/A,2%,Gross,,,1% on first few,Both,1.25%,Y,Monthly,0.99%,0.99%,"70% Gross (Resi)
65% Gross (Commercial)",N,Y,N,,,,3m,"£25,000","£1,000,000",N/A,N/A,N/A,N/A,N/A,N/A,N/A,N/A,N/A,N/A,N/A,N/A,N/A,N/A,N/A,N/A,N/A,N/A,N/A,N/A,N/A,N/A,N/A,N/A,N/A,N/A,N/A,N/A,N/A,N/A,,,,,,,,,,,,,,,
Lender 15,Y,Y,N,,N,N,N,N,N,N,N,N,N,N,N,N,N,N,N,Y,Y,Y,N,,,Y,Y,Y,Y,Y,N,N,N,N,N,N,,N,Y,Y,Y,Y,Y,N,N,Y,N,N,,Y,N,N,N,N,N,N,N,Y,,Y,Y,Y,Y,Y,Y,Y,Y,Y,Y,Y,N,Y,N,N,N,N,N,N,N,N,N,Y,N/A,N/A,N/A,N/A,N/A,N/A,N/A,N/A,N/A,N/A,N/A,N/A,N/A,N/A,N/A,N/A,N/A,Y,N,N,Y (Small Appetite),Y (Small Appetite),"£200,000","£10,000,000","£100,000",80% Gross,N/A,,Case-by-Case (sometimes just for comfort),N,Y,N,"VAS Panel
Capital Surveyors & NJ Group in London",,N,Y,N,,Y,3m,24m,Y,"2% Fee 
Rate increases to just over 1%",N,N/A,N,Y,N,,N,Monthly,Y,N,N,,Y,Y,Y,Y,N,,N,2%,£450 on Desktop Val products,N,N,N (Some cases 3m minimum interest),"1.25% (on 80% LTV product and Stepped Rate) 
N on others",2%,1.25%,3-4 weeks,7d,0.85%-1.25%,N/A,N,N,N,"£200,000","£10,000,000",80% Gross,100%,70% Gross,N/A,3m,24m,"£100,000",,,N,Y,N,2%,N,,N,Y,N,N,"Paid once, paid upfront. Separate from facility",N,N/A,0.85%-1.25%,2%,N/A,N/A,N/A,,N/A,N/A,Y,N,3m,24m,"£200,000","£10,000,000",75% Gross,N/A,N,N,N,Y,Y,Y,N,,0.85%-1.25%,N/A,N/A,N/A,N/A,N/A,N/A,N/A,N/A,N/A,N/A,N/A,N/A,N/A,N/A,N/A,N/A,N/A,N/A,N/A,N/A,N/A,N/A,N/A,N/A,N/A,N/A,N/A,N/A,N/A,N/A,N/A,N/A,N/A,N/A,N/A,N/A,N/A,N/A,N/A,N/A,N/A,,,,N/A,N/A,,N/A,N/A,N/A,N/A,N/A,N/A,N/A,N/A,N/A,N/A,N/A,N/A,N/A,N/A,N/A,N/A,N/A,N/A,N/A,N/A,N/A,"80% LTV: 0.89%
75% LTV: 0.84%",80% Gross,N,Y,N,,,,24m,"£200,000","£10,000,000",N/A,N/A,N/A,N/A,N/A,N/A,N/A,N/A,N/A,N/A,N/A,N/A,N/A,N/A,N/A,N/A,N/A,N/A,N/A,N/A,N/A,N/A,N/A,N/A,N/A,N/A,N/A,N/A,N/A,N/A,,,,,,,,,,,,,,,
Lender 16,Y,Y,Y,,Y,N,N,N,N,N,N,N,N,N,N,N,N,N,N,N,N,Y,Y,,,N,Y,N,N,Y,N,Y,Y,Y,N,N,,N,Y,Y,Y,N,N,N,N,Y,N,Y,,Y,N,N,N,Y,N,Y,N,N,,Y,Y,Y,N,Y,Y,N,Y,N,N,N,N,N,N,N,N,N,N,N,Y,N,N,Y,N/A,N/A,N/A,N/A,N/A,N/A,N/A,N/A,N/A,N/A,N/A,N/A,N/A,N/A,N/A,N/A,N/A,Y,Y,N,N,N,"£500,000","£10,000,000",N/A,70% Gross,N/A,,N/A,N,N,N,"VAS Panel
Direct Surveyors",,Y,N,N,,Y,6m,36m,Y,,Y,Same,N,N,Y,,Y,Daily,Y,N,N,,Y (Torac),Y (Torac),Y (Torac),Y,N,N,N,2%,"£2,500",Y,N,,,2%,,3-4 weeks,3-4 weeks,9.5-10%,N/A,N,N,N,"£1,000,000","£10,000,000",70% Gross,100%,"70% Gross
72.5% Gross (for very good deals)",N/A,6m,36m,N/A,,,N,N,N,2%,,,N,Y,N,N,,,,9.5-10%,2%,N/A,N/A,N/A,,N/A,N/A,N/A,N/A,N/A,N/A,N/A,N/A,N/A,N/A,N/A,N/A,N/A,N/A,N/A,N/A,N/A,N/A,N/A,N/A,N/A,N/A,N/A,N/A,N/A,N/A,N/A,N/A,N/A,N/A,N/A,"£800,000","£10,000,000 (Through funding lines)
Over £10m (They introduce to Zorin Finance)",70% Gross,,"70% Gross
72.5% Gross (for very good deals)",87.5% Gross,6m,36m,,,,OMV,Y,Y,Y,N,Y,N,Y,Y,70% Gross,N/A,N/A,7.50%,Y,N,N,N,N,,,,,,,,,,,,,N,Y,,"£2,500 Commitment Fee",Y,"£2,500 Commitment fee, refundable against arrangement fee",Gross,,,2%,,,Y,Daily,10% ish,9.75% Fixed,70% Gross,,,,,,,36m,"£1,000,000","£10,000,000","£1,000,000","£10,000,000",70%,,N,N,N,Y,,,,,,,,,,"£1,000,000","£10,000,000",70%,,,,,,,,,,,Y,,,,,,,,,,,,,,
Lender 17,Y,Y,Y,,N,N,N,N,N,N,N,N,N,N,N,N,N,N,N,Y,N,N,N,,,Y,Y,Y,Y,Y,N,N,N,N,N,N,,N,Y,,Y,N,N,N,N,Y,N,N,,N,N,N,Y,Y,N,N,N,N,,Y,Y,Y,Y,Y,Y,Y,Y,N,N,N,N,N,N,N,N,N,N,N,Y,N,Y,N,N/A,N/A,N/A,N/A,N/A,N/A,N/A,N/A,N/A,N/A,N/A,N/A,N/A,N/A,N/A,N/A,N/A,Y,N,N,Y,TBC,"£3,000,000","£40,000,000",,70% Gross,,,,,,,,,Redbook valuation on Atelier's panel,,,,,6m,36m,Y,,,,,,,,,,,N,N,,,,,Y,N,,N,1%,,,,,From 1% out,1%,,,,5.99%-6.99% over base (up to 70%),N/A,Y,TBC,,"£3,000,000","£40,000,000",70% Gross,100%,70% Gross,,,,,,,,,,,,,,,,,,,,,,N/A,N/A,N/A,,N/A,N/A,N/A,N/A,N/A,N/A,N/A,N/A,N/A,N/A,N/A,N/A,N/A,N/A,N/A,N/A,N/A,N/A,N/A,N/A,N/A,N/A,N/A,N/A,N/A,N/A,N/A,N/A,N/A,N/A,N/A,"£3,000,000","£40,000,000",90% Gross,,70% Gross,90% Gross,,36m,,,,OMV,,,,,,Y,Y,,,,,,,,,,,,,,,,,,,,,,,,,,,,,,,,,,,,,,N/A,N/A,N/A,N/A,N/A,N/A,N/A,N/A,N/A,N/A,N/A,N/A,N/A,N/A,N/A,N/A,N/A,N/A,N/A,N/A,N/A,N/A,N/A,N/A,N/A,N/A,N/A,N/A,N/A,N/A,N/A,N/A,N/A,N/A,N/A,N/A,N/A,N/A,N/A,N/A,N/A,,,,,,,,,,,,,,,
Lender 18,Y,Y,Y,,Y,,,,,,,,,,,,,,,Y,,,,,,Y,Y,Y,Y,,,,,,,,,,,,,,,,,,,,,,,,,,,,,,,,,,,,,,Y,Y,Y,Y,,,Y,,,Y,Y,,,Y,Y,,,,,,,,,,,,,,,,,,,,,,,,,,,,,,,,,,,,,,,,,,,,,,,,,,,,Daily,,,,,,,,,,,,,,,,,,,,,,,,,,,,,,,,,,,,,,,,,,,,,,,,,,,,,,,,,,,,,,,,,,,,,,,,,,,,,,,,,,,,,,,,,,,,,,,,,,,,,,,,,,,,,,,,,,,,,,,,,,,,,,,,,,,,,,,,,,,,,,,,,,,,,,,,,,,,"£10,000,000",75%,,,,,,,,,,,,,,,,"£10,000,000",75%,,,,,,,,,,,,,,,,,,,,,,,,,
Lender 19,Y,Y,N,,N,N,N,N,N,N,N,N,N,N,N,N,N,N,N,Y,Y,Y,Y,,,Y,Y,Y,Y,Y,N,N,N,N,N,N,,N,Y,,Y,Y,Y,Y,,Y,N,N,,Y,N,N,N,Y,Y,Y,N,N,,Y,Y,Y,Y,Y,Y,Y,Y,Y,Y,,,Y,,,,,,,,N,N,,N/A,N/A,N/A,N/A,N/A,N/A,N/A,N/A,N/A,N/A,N/A,N/A,N/A,N/A,N/A,N/A,N/A,Y,N,,,,"£250,000","£25,000,000",,75% Gross,,,,,,,"VAS typically as cheaper (Method also on panel)
Direct Valuers (Strutt Parker)",,Y (<£7m),Y (>£7m),N,,Y,3m,18m,,,Y,,,Y,,,,,,,,,,,,,,,,2%,,,,3m,N/A,2%,,5w,,0.65%,,,,,"£250,000","£10,000,000","75% Net OMV
85% Net BMV",100%,75%,,3m,18m,No Min,,,N,,,2%,None,0.30%,,,,N,"Initial Inspection: £1000 + VAT
Interim reports: £700 + VAT",,,,1.50%,N/A,N/A,N/A,,N/A,N/A,N/A,N/A,N/A,N/A,N/A,N/A,N/A,N/A,N/A,N/A,N/A,N/A,N/A,N/A,N/A,N/A,N/A,N/A,N/A,N/A,N/A,N/A,N/A,N/A,N/A,N/A,N/A,N/A,N/A,"£500,000","£5,000,000",,,75% Gross,"85% Gross
70% Net",,18m,,,,OMV,Y,Y,Y,Y,N,N,Y,Y,75%,N/A,,10%,,Y,N,No Min,,,,,,Y,,25%,,,Y,,,,,,,,,,,,,Both,1%,Y,,,7% over Base,75% Gross,Y,N,N,,,,24m,"£250,000","£25,000,000",N/A,N/A,N/A,N/A,N/A,N/A,N/A,N/A,N/A,N/A,N/A,N/A,N/A,N/A,N/A,N/A,N/A,N/A,N/A,N/A,N/A,N/A,N/A,N/A,N/A,N/A,N/A,N/A,N/A,N/A,N,N,N,,,,,,,,,,,,
Lender 20,Y,Y,Y,,Y,,,,,,,,,,,,,,,,,,,,,,,,,,,,,,,,,,,,,,,,,,,,,,,,,,,,,,,,,,,,,,,,,,,,,,,,,,,,,,,,,,,,,,,,,,,,,,,,,,,,,,,,,,,,,,,,,,,,,,,,,,,,,,,,Quarterly,,,,,,,,,,,,,,,,,,,,,,,,,,,,,,,,,,,,,,,,,,,,,,,,,,,,,,,,,,,,,,,,,,,,,,,,,,,,,,,,,,,,,,,,,,,,,,,,,,,,,,,,,,,,,,,,,,,,,,,,,,,,,,,,,,,,,,,,,,,,,,,,,,,,,,,,,,,,,,,,,,,,,,,,,,,,,,,,,,,,,,,,,,,,,,,,,,,,,,,
Lender 21,Y,Y,Y,,Y,,,,,,,,,,,,,,,Y,Y,Y,,,,Y,Y,Y,Y,,,Y,Y,Y,,Y,,N,,,Y,,,Y,,Y,,,,,Y,Y,,,N,,,,,Y,,,,,,Y,Y,Y,Y,,,,Y,,,Y,Y,,,,,,N/A,N/A,N/A,N/A,N/A,N/A,N/A,N/A,N/A,N/A,N/A,N/A,N/A,N/A,N/A,N/A,N/A,N/A,N/A,N/A,N/A,N/A,N/A,N/A,N/A,N/A,N/A,N/A,N/A,N/A,N/A,N/A,N/A,N/A,N/A,N/A,N/A,N/A,N/A,N/A,N/A,N/A,N/A,N/A,N/A,N/A,N/A,N/A,,N/A,N/A,N/A,N/A,N/A,,N/A,N/A,N/A,N/A,N/A,N/A,N/A,N/A,N/A,N/A,N/A,N/A,N/A,N/A,N/A,N/A,N/A,N/A,N/A,N/A,N/A,N/A,N/A,N/A,N/A,N/A,N/A,N/A,N/A,N/A,N/A,N/A,N/A,N/A,N/A,N/A,N/A,N/A,N/A,N/A,N/A,N/A,N/A,N/A,N/A,N/A,N/A,N/A,,,,,,,,,,,,,,,,,,,,,,,,,,,,,,,,,,,,"£10,000,000",,,,,,,,,,,,,,,,,,,,,,,,,,,,,,,,,,,,,,,,,,,,,,,,,,,,,,,,,,,,,,,,,,,"£50,000",No Max,80%,,N,N,N,Y,,2y,5y,None,12m,Y,6.82% 5y Fixed,,,"£50,000",No Max,75%,,,,,,,,,,,Y,Y,,,Base +1% +Margin (average +2.5%),150%,,,,,,N,Y,Y,Y
Lender 22,Y,Y,Y,,N,N,N,N,N,N,N,N,N,N,N,N,N,N,N,N,N,N,N,,,N,Y,N,Y,Y,N,N,N,Y,Y,N,,N,N,N,N,N,N,N,N,Y,N,Y,,N,N,N,N,Y,Y,Y,N,N,,Y,Y,Y,Y,Y,Y,Y,Y,Y,Y,Y,N,Y,Y,N,Y,Y,N,N,Y,Y,Y,Y,N/A,N/A,N/A,N/A,N/A,N/A,N/A,N/A,N/A,N/A,N/A,N/A,N/A,N/A,N/A,N/A,N/A,N/A,N/A,N/A,N/A,N/A,N/A,N/A,N/A,N/A,N/A,N/A,N/A,N/A,N/A,N/A,N/A,N/A,N/A,N/A,N/A,N/A,N/A,N/A,N/A,N/A,N/A,N/A,N/A,N/A,N/A,N/A,,N/A,N/A,N/A,N/A,N/A,,N/A,N/A,N/A,N/A,N/A,N/A,N/A,N/A,N/A,N/A,N/A,N/A,N/A,N/A,N/A,N/A,N/A,N/A,N/A,N/A,N/A,N/A,N/A,N/A,N/A,N/A,N/A,N/A,N/A,N/A,N/A,N/A,N/A,N/A,N/A,N/A,N/A,N/A,N/A,N/A,N/A,N/A,N/A,N/A,N/A,N/A,N/A,N/A,,,,,,,N/A,N/A,N/A,N/A,N/A,N/A,N/A,N/A,N/A,N/A,N/A,N/A,N/A,N/A,N/A,N/A,N/A,N/A,N/A,N/A,N/A,N/A,N/A,N/A,N/A,N/A,N/A,N/A,N/A,"£10,000,000","£100,000,000",N/A,,70% Gross,85% Gross,3m,36m,,,,OMV,Y,Y,Y,N,Y,Y,Y,Y,,,,"Not specified, some contribution",Y,N,N,"Not specified, some contribution",N,,,,N,Y,,N,0%,,Y,Y,,N,Y,,,,1.25%,Net,,,0%,Depends on project,1.5% Gross,Y,Rolled,5.5% over 3m SONIA,N/A,N/A,N/A,N/A,N/A,N/A,N/A,N/A,N/A,N/A,N/A,N/A,N/A,N/A,N/A,N/A,N/A,N/A,N/A,N/A,N/A,N/A,N/A,N/A,N/A,N/A,N/A,N/A,N/A,N/A,N/A,N/A,N/A,N/A,N/A,N/A,N/A,N/A,N/A,N/A,N/A,,,,,,,,,,,,,,,
Lender 23,Y,Y,N,,N,N,N,N,N,N,N,N,N,N,N,N,N,N,N,Y,Y,Y,Y,,,Y,Y,Y,Y,Y,Y,Y,Y,Y,N,Y,,N,Y,,Y,Y,Y,N,N,Y,N,Y,,Y,N,N,Y,Y,N,Y,Y,N,,Y,Y,Y,Y,Y,Y,Y,Y,Y,Y,Y,Y,Y,Y,Y,Y,Y,Y,Y,N,Y,Y,Y,N/A,N/A,N/A,N/A,N/A,N/A,N/A,N/A,N/A,N/A,N/A,N/A,N/A,N/A,N/A,N/A,N/A,Y,Y,N,,,"£50,000","£5,000,000","£100,000",75% Gross,,,,,Y,,,,N,Y,N,,,2m,24m,,,,,,,,,,,,,,,,,,,,,,1%,,,£500,N,N,,,,3d,0.9% PCM,1.25% PCM,,,,,,,,,,,,,,,,,,,,,,,,,,,,,,,,,,,,N/A,N/A,N/A,N/A,N/A,N/A,N/A,N/A,N/A,N/A,N/A,N/A,N/A,N/A,N/A,N/A,N/A,N/A,N/A,N/A,N/A,N/A,N/A,N/A,N/A,N/A,N/A,N/A,N/A,"£150,000","£5,000,000",65% Gross,,65% Gross,78% Gross,2m,24m,,,,180d VP,,,,,,,,,,,,,,,,,,,,,,,,,,,,,,,,,,,,,,,,,,,,1.10%,,,,,,,,,,,,N/A,N/A,N/A,N/A,N/A,N/A,N/A,N/A,N/A,N/A,N/A,N/A,N/A,N/A,N/A,N/A,N/A,N/A,N/A,N/A,N/A,N/A,N/A,N/A,N/A,N/A,N/A,N/A,N/A,N/A,,,,,,,,,,,,,,,
Lender 24,Y,Y,N,,N,,,,,,,,,,,,,,,,,,,,,,,,,,,,,,,,,,,,,,,,,Y,,,,Y,,,,,,,,,,,,,,,,,,,,,,,,,,,,,,,,,,,,,,,,,,,,,,,,,,,,,,,,,,,,,,,,,,,,,,,,,,,,,,,,,,,,,,,,,,,,,,,,,,,,,,,,,1.19%,,,,,,,,,,,,,,,,,,,,,,,,,,,,,,,,,,,,,,,,,,,,,,,,,,,,,,,,,,,,,,,,,,,,,,,85%%,,,,,,,,,,,,,,,,,,,,,,,,,,,,,,,,,,,,,,,,,,,,,,,,,,,,,,,,,,,,,,,,,,,,,,,,,,,,,,,,,,,,,,,,,,,,,,,,,,,,,,,,,,
Lender 25,Y,Y,Y,,Y,N,N,N,N,N,N,N,N,N,N,N,N,N,N,N,N,N,N,,,N,Y,N,Y,Y,N,N,N,N,N,N,,N,Y,Y,N,N,N,Y,N,Y,N,N,,Y,Y,N,Y,N,N,N,N,N,,Y,Y,Y,N,Y,Y,Y,Y,N,N,N,N,N,N,N,N,Y,N,N,Y,N,Y,N,N/A,N/A,N/A,N/A,N/A,N/A,N/A,N/A,N/A,N/A,N/A,N/A,N/A,N/A,N/A,N/A,N/A,Y,N,N,Y,N,"£500,000","£25,000,000",N/A,70% Gross,N/A,,N/A,N,Y,N,Individual surveyors (curated list),,Y,N,N,,Y,3m,36m,Y,"Interest rate changes
1%",Y,Same,N,Y,Y,,Y,Daily,Y,N,N/A,,Y,Y,Y,Y,N,N,N,2%,N,N/A,,3m,£300,1%,1% Additional,6w,4w,0.83-1%,N/A,N/A,N/A,N/A,N/A,N/A,N/A,N/A,N/A,N/A,N/A,N/A,N/A,N/A,N/A,N/A,N/A,N/A,N/A,N/A,N/A,N/A,N/A,N/A,N/A,N/A,N/A,N/A,N/A,N/A,N/A,N/A,N/A,,N/A,N/A,N/A,N/A,N/A,N/A,N/A,N/A,N/A,N/A,N/A,N/A,N/A,N/A,N/A,N/A,N/A,N/A,N/A,N/A,N/A,N/A,N/A,N/A,N/A,N/A,N/A,N/A,N/A,N/A,N/A,"£1,000,000","£25,000,000",70% Gross,,70% Gross,85% Gross,3m,36m,,,,OMV,Y,Y,Y,Y,N,N,Y,Y,70% Gross,70% Gross,N,5%,N,N,N,N,N,,,,,Y,,Y,,,,,,N,Y,,,,2%,Gross,,,1%,Sale,9m interest +1%,Y,Daily,1%,,,,,,,,,,,,"£500,000",,,,,,,,,,,,,,,,,N/A,N/A,N/A,N/A,N/A,N/A,N/A,N/A,N/A,N/A,N/A,N/A,N/A,,,,,,,,,,,,,,,
Lender 26,Y,Y,N,,Y,N,N,N,N,N,N,N,N,N,N,N,N,N,N,N,N,N,N,,,Y,Y,Y,N,N,N,N,N,N,N,N,,N,Y,,Y,N,N,N,N,Y,N,Y,,Y,N,N,Y,Y,N,N,Y,Y,,Y,Y,Y,Y,Y,Y,Y,N,N,N,N,N,N,N,N,N,N,N,N,N,N,N,N,N/A,N/A,N/A,N/A,N/A,N/A,N/A,N/A,N/A,N/A,N/A,N/A,N/A,N/A,N/A,N/A,N/A,Y,N,N,N,N,"£500,000","£10,000,000",No Min,75%,,,,Y,N,N,,,,,,,,3m,24m,,,,,,,,,,,,,,,,,,,,,,1%,,,,1.50%,1.50%,,,,,0.5% PCM above Base Rate,N/A,,,,,,,,,,,,,,,,,,,,,,,,,,,,,,,,,,,,,,,,,,,,,,,,,,,,,,N/A,N/A,N/A,N/A,N/A,N/A,N/A,N/A,N/A,N/A,N/A,"£1,000,000","£10,000,000",,,70% Gross,95% LTC,3m,24m,,,,OMV,Y,Y,,,,,,,,,,TBC,Y,,,,,,,,,,,,,,,,,,,,,,1%,TBC,,,,,1.50%,,,6.5% + Base,,,,,,,,,,,,N/A,N/A,N/A,N/A,N/A,N/A,N/A,N/A,N/A,N/A,N/A,N/A,N/A,N/A,N/A,N/A,N/A,N/A,N/A,N/A,N/A,N/A,N/A,N/A,N/A,N/A,N/A,N/A,N/A,N/A,,,,,,,,,,,,,,,
Lender 27,Y,Y,Y,,Y,N,N,N,N,N,N,N,N,N,N,N,N,N,N,Y,N,N,Y,,,Y,Y,N,N,Y,N,N,N,N,N,N,,N,Y,,N,N,Y,N,N,Y,N,N,,Y,N,N,Y,Y,N,N,N,N,,N,N,N,N,N,N,N,N,N,N,N,N,N,N,N,N,N,N,N,N,N,N,N,N/A,N/A,N/A,N/A,N/A,N/A,N/A,N/A,N/A,N/A,N/A,N/A,N/A,N/A,N/A,N/A,N/A,,,,,,,,,,,,,,,,,,,,,,,,,,,,,,,,,,,,,,,,,,,,,,,,,,,,,,,,,,N/A,N/A,N/A,N/A,N/A,N/A,N/A,N/A,N/A,N/A,N/A,N/A,N/A,N/A,N/A,N/A,N/A,N/A,N/A,N/A,N/A,N/A,N/A,N/A,N/A,N/A,N/A,N/A,N/A,N/A,N/A,N/A,,N/A,N/A,N/A,N/A,N/A,N/A,N/A,N/A,N/A,N/A,N/A,N/A,N/A,N/A,N/A,N/A,N/A,N/A,N/A,N/A,N/A,N/A,N/A,N/A,N/A,N/A,N/A,N/A,N/A,N/A,N/A,"£800,000","£15,000,000",70% Gross,,65% Net,86% Net,No Min,24m,,,,OMV,Y,Y,Y,Y,Y,N/A,Y,Y,70% Gross,0%,0%,5%,N,N/A,N,5%,"Y (up to 1%, also internal admin fee £500-£700 per month both of which are funded/rolled up)",,,,Y,Y,,Y,,,Y,Y (5% of applications),,N,Y,,,,"1% (25% paid upon application, 75% deducted from net initial advance of loan)",Gross,,,1.00%,Sale (but indifferent),1.50%,Y,Rolled,5.5% over BLG Base (up to 7%). BLG base tracks base rate but is floored at 3% as of Dec24,5.5% over BLG Base (up to 7%). BLG base tracks base rate but is floored at 3% as of Dec24,65% Gross,Y,N,N,,,,No Min,"£500,000","£15,000,000",N/A,N/A,N/A,N/A,N/A,N/A,N/A,N/A,N/A,N/A,N/A,N/A,N/A,N/A,N/A,N/A,N/A,N/A,N/A,N/A,N/A,N/A,N/A,N/A,N/A,N/A,N/A,N/A,N/A,N/A,,,,,,,,,,,,,,,
Lender 28,Y,Y,N,,N,N,N,N,N,N,N,N,N,N,N,N,N,N,N,Y,Y,Y,Y,Y,Y,Y,Y,Y,Y,Y,Y,Y,Y,N,N,N,N,N,Y,Y,N,Y,Y,N,N,N,N,N,N,Y,N,N,N,N,N,Y,N,N,N,Y,Y,Y,N,Y,Y,Y,Y,Y,Y,Y,Y,Y,N,N,Y,Y,N,Y,Y,Y,N,Y,N/A,N/A,N/A,N/A,N/A,N/A,N/A,N/A,N/A,N/A,N/A,N/A,N/A,N/A,N/A,N/A,N/A,,,,,,,,,,,,,,,,,,,,,,,,,,,,,,,,,,,,,,,,,,,,,,,,,,,,,,,,,,N/A,N/A,N/A,N/A,N/A,N/A,N/A,N/A,N/A,N/A,N/A,N/A,N/A,N/A,N/A,N/A,N/A,N/A,N/A,N/A,N/A,N/A,N/A,N/A,N/A,N/A,N/A,N/A,N/A,N/A,N/A,N/A,N/A,N/A,N/A,N/A,N/A,N/A,N/A,N/A,N/A,N/A,N/A,N/A,N/A,N/A,N/A,N/A,N/A,N/A,N/A,N/A,N/A,N/A,N/A,N/A,N/A,N/A,N/A,N/A,N/A,N/A,N/A,N/A,N/A,N/A,N/A,N/A,N/A,N/A,N/A,N/A,N/A,N/A,N/A,N/A,N/A,N/A,N/A,N/A,N/A,N/A,N/A,N/A,N/A,N/A,N/A,N/A,N/A,N/A,N/A,N/A,N/A,,,,N/A,N/A,N/A,N/A,N/A,N/A,N/A,N/A,N/A,N/A,N/A,N/A,N/A,N/A,N/A,N/A,N/A,N/A,N/A,N/A,N/A,N/A,N/A,N/A,,,,,,,,,,,,N/A,N/A,N/A,N/A,N/A,N/A,N/A,N/A,N/A,N/A,N/A,N/A,N/A,N/A,N/A,N/A,N/A,N/A,N/A,N/A,N/A,N/A,N/A,N/A,N/A,N/A,N/A,N/A,N/A,N/A,,,,,,,,,,,,,,,
Lender 29,Y,Y,N,,N,N,N,N,N,N,N,N,N,N,N,N,N,N,N,Y,Y,Y,Y,,,Y,Y,Y,Y,Y,Y,Y,Y,Y,N,Y,,Y,Y,Y,Y,Y,Y,N,Y,Y,Y,Y,,Y,N,N,Y,Y,Y,N,N,N,,Y,Y,Y,Y,Y,Y,Y,Y,Y,Y,Y,Y,Y,Y,Y,Y,Y,Y,Y,Y,Y,Y,Y,Y,Y,N,"£100,000","£5,000,000",70% Gross,,1w,12m,N,Y,N,3m Interest,2% Net,1% Net,1.1% Negotiable,N/A,Y,Y,N,Y,N,"£100,000","£5,000,000",No Constraint,70% Gross,N/A,,No Constraint,Y (in South West),Y (in South West),N,,,Y,N,N,,Y,1w,2y,Y,"1.5% Fee
Not necessarily servicing or change of rate",Y,70% Gross,N,N,Y,,Y,"Daily (further 20 days), compounded monthly",Y,Y,N,,Y,Y,Y,,,,,2% Net (bound at signing of offer),N,N/A,N,3m interest,None,1%,Case-by-case,2w,1.5 days,1.1% Negotiable,N/A,Y,N,N/A,"£100,000","£5,000,000",70% Gross,100%,No Constraint,N/A,3m,24m,No Constraint,OMV,Y,Y (in South West),Y (in South West),N,2%,3m Interest,,"Y (Assumes a draw-down per the SOW, and will charge per that rather than actual draw-downs. If slower - if quicker, then they take the quicker draw-down)",,,Y,,,,1.1% Negotiable,1%,N/A,N/A,N/A,,N/A,N/A,N/A,N/A,N/A,N/A,N/A,N/A,N/A,N/A,N/A,N/A,N/A,N/A,N/A,N/A,N/A,N/A,N/A,N/A,"£100,000","£5,000,000",3m,24m,70% Gross,No Constraint,N,Y,Y,,1.25%,"£100,000","£5,000,000",70% Gross,,No Constraint,100%,3m,24m,,,,OMV,Y,Y,Y,Y,N/A,Y,Y,Y,,,N/A,N,Y,Y,Y,Y,"Y (Assumes a draw-down per the SOW, and will charge per that rather than actual draw-downs. If slower - if quicker, then they take the quicker draw-down)",,,,,,,,,,,,,N,,,,,1%,Net,N,N/A,1%,None,1%,Y,Daily,1.25%,1.10%,70 Gross,Y,N,N,,,,24m,"£100,000","£5,000,000",N/A,N/A,N/A,N/A,N/A,N/A,N/A,N/A,N/A,N/A,N/A,N/A,N/A,N/A,N/A,N/A,N/A,N/A,N/A,N/A,N/A,N/A,N/A,N/A,N/A,N/A,N/A,N/A,N/A,N/A,,,,,,,,,,,,,,,
Lender 30,Y,Y,N,,N,N,N,N,N,N,N,N,N,N,N,N,N,N,N,Y,Y,Y,N,,,Y,Y,Y,Y,Y,N,Y,Y,N,N,Y,,N,Y,,N,Y,Y,N,Y,N,N,N,,Y,N,N,N,N,N,N,N,N,,Y,Y,Y,N,Y,Y,Y,Y,Y,Y,Y,Y,Y,N,Y,N,Y,N,Y,Y,Y,N,Y,N/A,N/A,N/A,N/A,N/A,N/A,,,,,,,,,,N/A,N/A,,,,,,"£100,000","£3,000,000",,70% Gross,,90% Gross,,,,,Manually Constructed Valuer (All Redbook Valuations),,Y,N,N,,,6m,24m,Y,,Y,Same,N,Y,N,,Y,,,,,,,,,,,,,2%,,,N/A,1%,1%,2%,,4w,,1% Monthly Interest,,N/A,N/A,N/A,N/A,N/A,N/A,N/A,N/A,N/A,N/A,N/A,N/A,N/A,N/A,N/A,N/A,N/A,N/A,N/A,N/A,N/A,N/A,N/A,N/A,N/A,N/A,N/A,N/A,N/A,N/A,N/A,N/A,,N/A,N/A,N/A,N/A,N/A,N/A,N/A,N/A,N/A,N/A,N/A,N/A,N/A,N/A,N/A,N/A,N/A,N/A,N/A,N/A,N/A,N/A,N/A,N/A,N/A,N/A,N/A,N/A,N/A,N/A,N/A,N/A,N/A,N/A,N/A,N/A,N/A,N/A,N/A,N/A,N/A,N/A,N/A,N/A,N/A,N/A,N/A,N/A,N/A,N/A,N/A,N/A,N/A,N/A,N/A,N/A,N/A,N/A,N/A,N/A,,,,N/A,N/A,N/A,N/A,N/A,N/A,N/A,N/A,N/A,N/A,N/A,N/A,N/A,N/A,N/A,N/A,N/A,N/A,N/A,N/A,N/A,N/A,N/A,N/A,,,,,,,,,,,,N/A,N/A,N/A,N/A,N/A,N/A,N/A,N/A,N/A,N/A,N/A,N/A,N/A,N/A,N/A,N/A,N/A,N/A,N/A,N/A,N/A,N/A,N/A,N/A,N/A,N/A,N/A,N/A,N/A,N/A,N/A,N/A,N/A,,N/A,N/A,N/A,N/A,N/A,N/A,N/A,N/A,N/A,N/A,N/A
Lender 31,Y,Y,N,,N,N,N,N,N,N,N,N,N,N,N,N,N,N,N,Y,Y,Y,Y,,,Y,Y,Y,N,Y,N,N,N,Y,Y,N,,N,Y,Y,Y,Y,Y,N,N,N,N,N,,Y,N,N,Y,Y,N,N,Y,Y,,Y,Y,Y,Y,Y,Y,Y,Y,Y,Y,Y,Y,Y,N,N,Y,Y,N,Y,Y,Y,N,Y,N/A,N/A,N/A,N/A,N/A,N/A,,,,,,,,,,N/A,N/A,Y,Y (Behind high street lender),N,Y,Y (Comfort),"£100,000","£5,000,000","£150,000",70% Gross,65% Gross,,50% Gross,Y (up to 50%),N,N,"VAS Panel
De Villiars (Owner knows MD there)",,N,Y,N,,Y,3m,24m,Y,"3% Extension Fee (Neg.)
Same Fee",Y,Same,N,Y,Y,,Y,Depends (Typically daily),Y,Y,Y,,N,Y,Y,Y,N,N,N,2%,,,Y,3m interest,"If <1y, 0%
If over 1y, 1% exit",2%,3% PCM,4w,2d,0.89%,1%,Y,Y,,,,70% Gross,100% Gross,N/A,,,,,,,,,,,,,,,,,Y,,,,,,,,,,,Y,Y,,,,,,,TBC,N,Y,Y,Y,Y,N/A,,,,N/A,N/A,N/A,N/A,N/A,N/A,N/A,N/A,N/A,N/A,N/A,N/A,N/A,N/A,N/A,N/A,N/A,N/A,N/A,N/A,N/A,N/A,N/A,N/A,N/A,N/A,N/A,N/A,N/A,N/A,N/A,N/A,N/A,N/A,N/A,N/A,N/A,N/A,N/A,N/A,,,,N/A,N/A,N/A,N/A,N/A,N/A,N/A,N/A,N/A,N/A,N/A,N/A,N/A,N/A,N/A,N/A,N/A,N/A,N/A,N/A,N/A,N/A,N/A,N/A,,70% Gross,,,,,,,,,,"£100,000","£5,000,000",70%,,,,,,,,24m,,,,,,,"£100,000","£5,000,000",70%,,,,,,,,,,,,,,,,,,,,,,,,,
Lender 32,Y,Y,Y,,N,N,N,N,N,N,N,N,N,N,N,N,N,N,N,Y,Y,Y,Y,,,Y,Y,Y,Y,Y,N,Y,Y,N,N,N,,Y,Y,N,Y,Y,Y,N,N,Y,Y,N,,Y,N,N,N,N,N,N,N,N,,Y,Y,Y,N,Y,Y,Y,N,N,N,N,N,N,N,N,N,N,N,N,N,N,N,Y,Y,N,N,"£50,000","£3,500,000",70% Gross,,,,,,,,,,1.25%,N/A,Y,N,N,Y,N,"£50,000","£3,500,000",No Min,70% Gross,60% Gross,85% Gross,No Cap,N,N,N,Taylor Wilkinson Panel,,Y,N,N,,Y,1m,24m,Y,3%,Y,70%,N,Y,N,,Y,,Y,N,N/A,,Y,Y,Y,Y,N,N,N,2%,,,250,1%,1%,2%,,3-4w,10d,1.25%,N/A,Y,N,,"£50,000","£3,500,000",Lowest of 70% Net OMV or 85% of PP,100%,65% Gross,N/A,1m,"12m regulated
24m non-regulated",N/A,,,N,N,N,2%,"1% on 6m products
None on 12m products",Depends on loan size,N,Y,N,N,,,,1.25%,2%,N/A,N/A,N/A,,N/A,N/A,N/A,N/A,N/A,N/A,N/A,N/A,N/A,N/A,N/A,N/A,N/A,N/A,N/A,N/A,N/A,N/A,N/A,N/A,,,,,,,,,,,,"£50,000","£3,500,000",70% Gross,,65% Gross,N/A,1m,18m,,,,OMV,Y,Y,Y,Y,N,Y,Y,Y,70% Gross,65% Gross,N,None,y,Y,Y,Y,No #,,,,,,,,,,,,,N,Y,,,,2%,Gross,,,2%,N/A,,Y,,1.25%,1.25%,70% Gross,Y,N,N,,,,1m,"£50,000","£3,500,000",N/A,N/A,N/A,N/A,N/A,N/A,N/A,N/A,N/A,N/A,N/A,N/A,N/A,N/A,N/A,N/A,N/A,N/A,N/A,N/A,N/A,N/A,N/A,N/A,N/A,N/A,N/A,N/A,N/A,N/A,N,N,,,N/A,N/A,,,,,,N,N,N,N
Lender 33,Y,Y,N,,N,N,N,N,N,N,N,N,N,N,N,N,N,N,N,Y,Y,Y,Y,,,Y,Y,Y,Y,Y,Y,Y,Y,Y,Y,N,,N,Y,Y,Y,Y,Y,N,N,N,N,N,,Y,N,N,N,N,N,N,N,N,,Y,Y,Y,Y,Y,Y,Y,Y,Y,Y,Y,Y,Y,N,N,N,Y,N,N,N,Y,Y,Y,N/A,N/A,N/A,N/A,N/A,N/A,N/A,N/A,N/A,N/A,N/A,N/A,N/A,N/A,N/A,N/A,N/A,Y,Y,N,Y,N,"£50,000","£15,000,000","£125,000",75% Gross,65% Gross,,50%,N,Y,N,VAS & Method Panel,,Y (1st Charge),Y (2nd Charge),N,,Y,3m,24m,"Y (1m-3m, maximum 2 extensions)",2% (Split with broker),Y,75% Gross,N,Y,N,,Y,Daily,,N,N,,Y,Y,,Y,N,,Y,2%,N/A,N/A,£795,3m Interest,£250,2%,"Next day after default, ask for whole month. 3%",3w,£7m in 7d,0.95%-1% PCM,1-1.2% PCM,Y,N,Max 1st charge balance 50% LTV,"£50,000","£10,000,000",75% Gross,100%,,N/A,3m,18m,"£125,000",,,N,Y,N,2%,£295 after 3m interest,,,Y,N,N,,,,0.95%,2%,N/A,N/A,N/A,,N/A,N/A,N/A,N/A,N/A,N/A,N/A,N/A,N/A,N/A,N/A,N/A,N/A,N/A,N/A,N/A,N/A,N/A,N/A,N/A,N/A,N/A,N/A,N/A,N/A,N/A,N/A,N/A,N/A,N/A,N/A,N/A,N/A,N/A,N/A,N/A,N/A,N/A,N/A,N/A,N/A,N/A,N/A,N/A,N/A,N/A,N/A,N/A,N/A,N/A,N/A,N/A,N/A,N/A,N/A,N/A,N/A,N/A,N/A,N/A,,,,N/A,N/A,N/A,N/A,N/A,N/A,N/A,N/A,N/A,N/A,N/A,N/A,N/A,N/A,N/A,N/A,N/A,N/A,N/A,N/A,N/A,N/A,N/A,N/A,0.95%-1% PCM,"75% Gross (Resi)
70% Gross (Semi-Commercial)
65% Gross (Commercial)",,,,,,Y,18m,"£50,000","£10,000,000",N/A,N/A,N/A,N/A,N/A,N/A,N/A,N/A,N/A,N/A,N/A,N/A,N/A,N/A,N/A,N/A,N/A,N/A,N/A,N/A,N/A,N/A,N/A,N/A,N/A,N/A,N/A,N/A,N/A,N/A,N/A,N/A,N/A,N/A,,,,,,,,,,,
Lender 34,Y,Y,Y,,Y,N,N,N,N,N,N,N,N,N,N,N,N,N,N,Y,N,N,N,,,Y,Y,N,N,N,N,N,N,Y,Y,N,,N,Y,Y,Y,Y,Y,N,N,Y,N,N,,Y,N,Y,N,Y,Y,Y,Y,N,,Y,Y,N,Y,Y,Y,Y,Y,N,Y,Y,N,N,N,N,N,N,N,N,Y,Y,Y,Y,N/A,N/A,N/A,N/A,N/A,N/A,N/A,N/A,N/A,N/A,N/A,N/A,N/A,N/A,N/A,N/A,N/A,,,,,,,,,,,,,,,,,,,,,,,,,,,,,,,,,,,,,,,,,,,,,,,,,,,,,,,,,,,,,,,,,,,,,,,,,,,,,,,,,,,,,,,,,,,,,N/A,N/A,N/A,N/A,N/A,N/A,N/A,N/A,N/A,N/A,N/A,N/A,N/A,N/A,N/A,N/A,N/A,N/A,N/A,N/A,N/A,N/A,N/A,N/A,N/A,N/A,N/A,N/A,N/A,,,,,,,,,,,,,,,,,,,,,,,,,,,,,,,,,,,,,,,,,,,,,,,,,,,,,,,,,,,,,,,,,,,,N/A,N/A,N/A,N/A,N/A,N/A,N/A,N/A,N/A,N/A,N/A,N/A,N/A,N/A,N/A,N/A,N/A,,,,,,,,,,,,,,,,,,,,,,,,,,,,
Lender 35,Y,Y,N,,N,N,N,N,N,N,N,N,N,N,N,N,N,N,N,Y,N,Y,Y,,,N,Y,Y,N,N,N,Y,Y,N,N,N,,N,Y,Y,Y,Y,Y,N,N,Y,N,N,,Y,N,N,Y,Y,N,Y,N,N,,Y,Y,Y,N,Y,Y,Y,N,N,N,N,N,N,N,N,N,N,N,N,N,N,N,Y,N/A,N/A,N/A,N/A,N/A,N/A,N/A,N/A,N/A,N/A,N/A,N/A,N/A,N/A,N/A,N/A,N/A,Y,N,N,"Y (No attributed value, not behind bridger because default interest can rack up)",N,"£50,000","£550,000",Case-by-case,"75% Gross
85% Net of PP on BMVs",N,,No Cap,N,N,N,Method & VAS,,N,Y,N,,Y,3m,12m,,,Y,Same,N,Y,N,,Y,Daily,Y,N,N,,Y,Y,Y,N,N,Y,N,2% Gross,,,,3m,Case-by-case,1% (Case-by-Case),,6-8w,5d,0.89%,N/A,,N/A,,"£50,000","£550,000","75% Gross
90% LTC",100%,75% Gross,N/A,3m,12m,Case-by-case,,,N,N,N,2%,3m Interest,,"Y (Assumes a draw-down per the SOW, and will charge per that rather than actual draw-downs. If slower - if quicker, then they take the quicker draw-down)",N,N,N,,,,"Light: 0.95%
Heavy: 1%",1% Neg,N/A,N/A,N/A,,N/A,N/A,N/A,N/A,N/A,N/A,N/A,N/A,N/A,N/A,N/A,N/A,N/A,N/A,N/A,N/A,N/A,N/A,N/A,N/A,N/A,N/A,N/A,N/A,N/A,N/A,N/A,N/A,N/A,N/A,N/A,"£50,000","£550,000",75%,,75%,90%,3m,12m,,,,180d,Y,Y,Y,Y,N,N/A,N/A,No Value Attributed,Case-by-case,N/A,N/A,None,N/A,Y,Y,Y,"Y (Assumes a draw-down per the SOW, and will charge per that rather than actual draw-downs. If slower - if quicker, then they take the quicker draw-down)",,,,,,,,,,,,,N,N,,,,2%,Gross,,,1% Case-by-case,Both,Case-by-case,Y,Daily,1.15%,0.95%,75% Gross,N,Y,N,,,,3m,"£50,000","£550,000",N/A,N/A,N/A,N/A,N/A,N/A,N/A,N/A,N/A,N/A,N/A,N/A,N/A,N/A,N/A,N/A,N/A,N/A,N/A,N/A,N/A,N/A,N/A,N/A,N/A,N/A,N/A,N/A,N/A,N/A,,,,,,,,,,,,,,,
Lender 36,Y,Y,Y,,N,N,N,N,N,N,N,N,N,N,N,N,N,N,N,Y,Y,Y,Y,N,,Y,Y,Y,Y,Y,Y,Y,Y,N,N,N,,N,Y,Y,Y,Y,Y,N,N,Y,N,Y,Y,Y,Y,Y,N,Y,Y,Y,N,N,N,Y,Y,Y,N,Y,Y,Y,N,N,N,N,N,N,N,N,N,N,N,N,N,N,N,N,N/A,N/A,N/A,N/A,N/A,N/A,N/A,N/A,N/A,N/A,N/A,N/A,N/A,N/A,N/A,N/A,N/A,Y,Y,Y,Y,Y,"£25,000","£2,000,000",,75% Gross,70% Gross,,No Cap,N,Y,N,Method & VAS,,Y,N,N,,Y,3m,18m,Y,Renewal,Y,75% Gross,N,Y,N,,Y,,,,,,,,,,,,,2% Gross,N,N/A,"£1,000",3m,1%,2% Gross,,,,0.99%,,Y,Y,,"£25,000","£2,000,000",75% Gross,100%,67% Gross,,,,,,,,,,,,,,,,,,,,,,N/A,N/A,N/A,,N/A,N/A,N/A,N/A,N/A,N/A,N/A,N/A,N/A,N/A,N/A,N/A,N/A,N/A,N/A,N/A,N/A,N/A,N/A,N/A,N/A,N/A,N/A,N/A,N/A,N/A,N/A,N/A,N/A,N/A,N/A,,,,,,,,,,,,,,,,,,,,,,,,,,,,,,,,,,,,,,,,,,,,,,,,,,,,,,,,,,,,,,,,,,,,,,,,,,,,,,,,,,,,,,,,,,,,,,,,,,,,,,,,,,,,,,,,
Lender 37,Y,Y,Y,,Y,N,N,N,N,N,N,N,N,N,N,N,N,N,N,N,N,N,N,,,N,N,N,N,N,Y,N,N,N,N,Y,,N,N,,N,N,N,N,N,Y,N,N,,N,Y,Y,Y,N,N,N,N,N,,Y,Y,Y,Y,Y,Y,Y,Y,Y,Y,Y,Y,Y,Y,N,N,Y,Y,Y,Y,Y,Y,N,N/A,N/A,N/A,N/A,N/A,N/A,N/A,N/A,N/A,N/A,N/A,N/A,N/A,N/A,N/A,N/A,N/A,N/A,N/A,N/A,N/A,N/A,N/A,N/A,N/A,N/A,N/A,N/A,N/A,N/A,N/A,N/A,N/A,N/A,N/A,N/A,N/A,N/A,N/A,N/A,N/A,N/A,N/A,N/A,N/A,N/A,N/A,N/A,,N/A,N/A,N/A,N/A,N/A,,N/A,N/A,N/A,N/A,N/A,N/A,N/A,N/A,N/A,N/A,N/A,N/A,N/A,N/A,N/A,N/A,N/A,N/A,N/A,N/A,N/A,N/A,N/A,N/A,N/A,N/A,N/A,N/A,N/A,N/A,N/A,N/A,N/A,N/A,N/A,N/A,N/A,N/A,N/A,N/A,N/A,N/A,N/A,N/A,N/A,N/A,N/A,N/A,N/A,N/A,N/A,,N/A,N/A,N/A,N/A,N/A,N/A,N/A,N/A,N/A,N/A,N/A,N/A,N/A,N/A,N/A,N/A,N/A,N/A,N/A,N/A,N/A,N/A,N/A,N/A,N/A,N/A,N/A,N/A,N/A,N/A,N/A,,,,,,,,,,,,,,,,,,,,,,,,,,,,,,,,,,,,,,,,,,,,,,,,,,,,,,,,,N/A,N/A,N/A,N/A,N/A,N/A,N/A,N/A,N/A,N/A,N/A,,,,,,,,,,,,,,,,,,,,,,,,,,,,,,,,,,,,,,,,,,,,,
Lender 38,Y,Y,Y (Cities),,N,N,N,N,N,N,N,N,N,N,N,N,N,N,N,Y,N,N,N,,,Y,Y,Y,Y,Y,N,Y,Y,Y,N,Y,,N,Y,Y,Y,N,N,Y,Y,Y,N,N,,Y,Y,Y,Y,Y,N,N,Y,N,,Y,Y,Y,N,Y,Y,Y,Y,Y,Y,Y,Y,Y,Y,Y,Y,Y,Y,Y,Y,Y,Y,Y,N/A,N/A,N/A,N/A,N/A,N/A,N/A,N/A,N/A,N/A,N/A,N/A,N/A,N/A,N/A,N/A,N/A,Y,N,N,Y,N/A,"£250,000","£2,500,000",No Min,70% Gross,N/A,,No Cap,N,N,N,"VAS Panel (<£3.5m)
Specific surveyors (>£3.5m)",,Y,N,N,,Y,No Min,18m,Y (with clear exit articulated),No Policy,Y,70% Gross,N,Y,Y,,Y,Daily,Y,Y,N/A,,Y,Y,Y,N,"Can do it, on an exception basis",Y,N,2%,Y,Y,N/A,TBC,TBC,1%,TBC,4-6 weeks,4-6 weeks,0.8-1.3% PCM,N/A,Y,N,,"£250,000","£2,500,000",70% Gross,100%,65% Gross,N/A,1m,18m,N/A,,,N/A,N/A,N/A,2%,TBC,TBC,N,Y,N/A,Y,Embedded,,,0.92-1.3% PCM,1%,N/A,N/A,N/A,,N/A,N/A,N/A,N/A,N/A,N/A,N/A,N/A,N/A,N/A,N/A,N/A,N/A,N/A,N/A,N/A,N/A,N/A,N/A,N/A,N/A,N/A,N/A,N/A,N/A,N/A,N/A,N/A,N/A,N/A,N/A,"£250,000","£2,500,000",70% Gross,,65% Gross,80% Gross,1m,24m,,,,OMV,Y,Y,Y,Y,N,Y,Y,Y,,,,20% Gross,Y,N,N,N,N,,,,Y,Y,,30%,,,Y,Y,,N,Y,,,,2%,Gross,,,1%,Both,3%,N,,0.91%-1.2%,0.91%-1.2%,70% Gross,,,,,,,1m,"£250,000","£15,000,000","£250,000","£15,000,000",70% Gross,"VAS Panel (<£3.5m)
Surveyor (>£3.5m)",N,Y,N,N,Y,3m,25y,Lettable,,,Y (Sub 50%),30%,Y,"£250,000","£15,000,000",70%,"VAS Panel (<£3.5m)
Surveyor (>£3.5m)",180 VP (MV3),Y (Sub 50%),,3m,25y,Y,30%,Y,,Y,Y,Y,Y,Pay Rate + 2.5%,130%,120%,10%,25%,,Y,Y,Y,Y,Y
Lender 39,Y,Y,"Y (Edingburgh, Glasgow)",,N,N,N,N,N,N,N,N,N,N,N,N,N,N,N,Y,Y,Y,Y,,,Y,Y,Y,Y,Y,Y,Y,Y,Y,Y,Y,,N,Y,Y,Y,Y,Y,N,N,Y,N,Y,,Y,N,N,Y,Y,Y,Y,N,N,,Y,Y,Y,Y,Y,Y,Y,Y,Y,N,Y,N,N,Y,N,N,Y,N,N,Y,Y,N,Y,N/A,N/A,N/A,N/A,N/A,N/A,N/A,N/A,N/A,N/A,N/A,N/A,N/A,N/A,N/A,N/A,N/A,Y,Y,N,Y,Y,"£1,000,000","£20,000,000","£1,500,000","75% Gross (Sub £10m)
70% Gross (Above £10m)",,,N/A,N,N,N,"Savills
AWH",,Y,N,N,,Y,6m,36m,,,,,,,,,,,Y,Y,Y,,Y,Y,Y,Y,Y,N,N,2% Gross,"£2,000",Y,N,1%,1%,2%,,4w,2w,"0.85% PCM
Stretched Senior from 5.75% PA
Mezzanine from 12% PA",0.95%,Y,Y,,"£1,000,000","£20,000,000",75% Gross,100% Gross,75% Gross,N/A,6m,36m,,,,N,N,N,2%,,,N,,Y,N,,,,0.83%-0.95%,2%,N/A,N/A,N/A,,N/A,N/A,N/A,N/A,N/A,N/A,N/A,N/A,N/A,N/A,N/A,N/A,N/A,N/A,N/A,N/A,N/A,N/A,N/A,N/A,N/A,N/A,N/A,N/A,N/A,N/A,N/A,N/A,N/A,N/A,N/A,"£1,000,000 (Mezz)
£1,500,000 (Development)","£25,000,000",75% Gross,,75% Gross,"85% Gross (Senior)
95% Gross (Mezzanine)",,36m,,,,OMV,Y,Y,Y,N/A,N,Y,Y,Y,,,,5%,Y,Y,Y,Y,N,,,,,,,,,,,,,N,N (Can capitalise),,,,"2%
Commitment Fee (£2k) refundable",Gross,,,,,1% Gross,Y,,0.83%-0.94%,0.83%-0.94%,70% Gross,Y,N,N,,,,6m,"£1,000,000","£20,000,000",N/A,N/A,N/A,N/A,N/A,N/A,N/A,N/A,N/A,N/A,N/A,N/A,N/A,N/A,N/A,N/A,N/A,N/A,N/A,N/A,N/A,N/A,N/A,N/A,N/A,N/A,N/A,N/A,N/A,N/A,,,,,,,,,,,,,,,
Lender 40,Y,Y,N,,N,N,N,N,N,N,N,N,N,N,N,N,N,N,N,Y,Y,Y,Y,,,Y,Y,Y,Y,Y,N,N,N,Y,Y,N,,N,Y,N,Y,Y,Y,Y,Y,N,N,N,,Y,N,N,N,N,N,N,N,N,,Y,Y,Y,Y,Y,Y,N,N,N,N,N,N,N,N,N,N,N,N,N,N,N,N,Y,N/A,N/A,N/A,N/A,N/A,N/A,N/A,N/A,N/A,N/A,N/A,N/A,N/A,N/A,N/A,N/A,N/A,Y,N,N,Y,N,"£200,000","£10,000,000",No Min,80% Net,N/A,,No Cap,N,N,N,VAS Panel,,Y,N,N,,Y,6m,18m,Y,"1-3m Extension (£1-3k, set cost)
Can also rebridge, new arrangement fee",N,N/A,N/A,Y,Y,,N,Daily (compounded monthly),Y,Y,N/A,,Y,Y,Y,Y,N,N,N,2.00%,,,,,£0,2%,3%,4-6w,8d,"0.75% (75% Gross)
0.72% (70% Gross)",N/A,Y,N,,"£200,000","£5,000,000","BMV Refurb: Lower of 90% Net of PP 
OMV Light Refurb: 80% Net of the OMV
OMV Heavy Refurb: 75% Net of the OMV",100%,75% Gross,N/A,6m,18m,N/A,,,N,N,N,2.00%,None,,N,Y,N,Y,"£415+ VAT Initial Report, £258+VAT Interim (Drawdown) Report",,,"0.95% Refinance Exit
1.1% Sale Exit",2%,N/A,N/A,N/A,,N/A,N/A,N/A,N/A,N/A,N/A,N/A,N/A,N/A,N/A,N/A,N/A,N/A,N/A,N/A,N/A,N/A,N/A,N/A,N/A,N/A,N/A,N/A,N/A,N/A,N/A,N/A,N/A,N/A,N/A,N/A,N/A,N/A,N/A,N/A,N/A,N/A,N/A,N/A,N/A,N/A,N/A,N/A,N/A,N/A,N/A,N/A,N/A,N/A,N/A,N/A,N/A,N/A,N/A,N/A,N/A,N/A,N/A,N/A,N/A,,,,N/A,N/A,N/A,N/A,N/A,N/A,N/A,N/A,N/A,N/A,N/A,N/A,N/A,N/A,N/A,N/A,N/A,N/A,N/A,N/A,N/A,N/A,N/A,N/A,"0.75% (75% Gross)
0.72% (70% Gross)",75% Gross,Y,N,N,,,,12m,"£200,000","£10,000,000",N/A,N/A,N/A,N/A,N/A,N/A,N/A,N/A,N/A,N/A,N/A,N/A,N/A,N/A,N/A,N/A,N/A,N/A,N/A,N/A,N/A,N/A,N/A,N/A,N/A,N/A,N/A,N/A,N/A,N/A,N,Y,,,,,,,,,,,,,
Lender 41,Y,Y,N,,N,N,N,N,N,N,N,N,N,N,N,N,N,N,N,Y,Y,Y,Y,,,Y,Y,Y,Y,Y,N,Y,Y,Y,N,N,,N,Y,Y,Y,Y,Y,N,N,Y,N,N,,Y,N,N,N,N,N,Y,N,N,,Y,Y,Y,N,Y,Y,Y,Y,Y,Y,Y,Y,Y,N,Y,N,Y,N,Y,Y,Y,Y,Y,N/A,N/A,N/A,N/A,N/A,N/A,N/A,N/A,N/A,N/A,N/A,N/A,N/A,N/A,N/A,N/A,N/A,Y,Y,N,Y,N,"£100,000","£10,000,000","£75,000",80% Gross,70% Gross,,N,Y,Y,Y,"Method & VAS
Individual surveyors (CVS)",,Y (1st Charge),Y (2nd Charge),N,,Y,1m,24m,Y,"0.5% Fee
Service interest",Y,80% Gross,M,Y,Y,,Y,Monthly,Y,N,N,,Y,Y,Y,Y,N,N,N,2%,N,N,N,N,N,2%,,4-6w,11wd,0.79% (2% Fee),1.13%,Y,N,,"£100,000 (Light)
£200,000 (Heavy)","£10,000,000",80% Gross,100%,75% Gross,N/A,3m,2y,"£75,000",,,Y,Y,Y,2% Gross,None,,N,Y,N,N,,,,"0.95% at 75%
1% at 80%
50% cost of works is light refurbishment","2% (75% LTV)
1.5% (80% LTV)",,,,,,,N/A,N/A,N/A,N/A,N/A,N/A,N/A,N/A,N/A,N/A,N/A,N/A,N/A,N/A,N/A,N/A,N/A,N/A,N/A,N/A,N/A,N/A,N/A,N/A,N/A,N/A,N/A,N/A,N/A,N/A,N/A,N/A,N/A,N/A,N/A,N/A,N/A,N/A,N/A,N/A,N/A,N/A,N/A,N/A,N/A,N/A,N/A,N/A,N/A,N/A,N/A,N/A,N/A,N/A,N/A,N/A,N/A,N/A,,,,N/A,N/A,,N/A,N/A,N/A,N/A,N/A,N/A,N/A,N/A,N/A,N/A,N/A,N/A,N/A,N/A,N/A,N/A,N/A,N/A,N/A,N/A,N/A,0.79%,80% Gross,Y,N,N,,,,24m,"£100,000","£10,000,000",N/A,N/A,N/A,N/A,N/A,N/A,N/A,N/A,N/A,N/A,N/A,N/A,N/A,N/A,N/A,N/A,N/A,N/A,N/A,N/A,N/A,N/A,N/A,N/A,N/A,N/A,N/A,N/A,N/A,N/A,,,,,,,,,,,,,,,
Lender 42,Y,Y,N,,N,,,,,,,,,,,,,,,Y,,,,,,Y,Y,,,,,,,,,,,N,Y,,,Y,,,,,,,,,,,,,,,,,,Y,,,,,,,Y,,,,,,,,,,,,,,,,N/A,N/A,N/A,N/A,N/A,N/A,N/A,N/A,N/A,N/A,N/A,N/A,N/A,N/A,N/A,N/A,N/A,Y,Y,,,,"£250,000","£25,000,000",,,,,,,,,,,,,,,,3m,12m,,,,,,,,,,,,,,,,,,,,,,,,,,,,,,,,0.75%,,,,,,,,,,,,,,,,,,,,,,,,,,,,,,,,,,,,,,,,,,,,,,,,,,,,,,,,,,,,,,,,,,,,,,,,,,,,,,,,,,,,,,,,,,,,,,,,,,,,,,,,,,,,,,,,,,,,,,,,,,,,,,,,,,,,,,,,,,,,,,,,,,,,,,,,,,,,,,,,,,,,,,,,,,,,,,,,,
Lender 43,Y,Y,N,,N,N,N,N,N,N,N,N,N,N,N,N,N,N,N,Y,Y,Y,Y,Y,Y,Y,Y,Y,Y,Y,N,Y,Y,Y,Y,N,,N,Y,Y,Y,Y,Y,N,N,N,N,N,N,Y,Y,Y,Y,Y,N,N,N,Y,N,Y,Y,Y,Y,Y,Y,Y,Y,Y,Y,Y,N,Y,N,Y,N,Y,Y,Y,Y,Y,N,N,N/A,N/A,N/A,N/A,N/A,N/A,N/A,N/A,N/A,N/A,N/A,N/A,N/A,N/A,N/A,N/A,N/A,Y,Y,Y,Y,Y,"£200,000","£30,000,000","£350,000",75% Gross,70% Gross,90% Gross,No constraint,N,N,N,"Knight Franks, Savills, CBRE, Develiers, Capital Surveyors
Method & VAS Panel",N,Y (if less than 10% swing to 180d),Y (if less than 10% swing to 90d),N,,Y,3m,36m,Y,"1-2% Fee
Rate is the same
Interest serviced if LTV is high enough ",Y,75% Gross,N,Y,N,,Y,Monthly,Y,N,N,,Y,Y,Y,Y,N,N,N,"2% (1st Charge)
3% (2nd Charge)",N,N,"£495-£1,495",3m interest,£0,2%,,3w,3d,0.89% (lower if low LTV),1.09%,Y,Y,,"£200,000","£30,000,000",75% Gross,100% Gross,75% Gross,,3m,36m,"£350,000",OMV (or 180d if less than 10% discrepancy),N,N,N,N,"2% (1st Charge)
3% (2nd Charge)",None,,N,Y,N,N,,,,0.89%,2%,N/A,N/A,N/A,,N/A,N/A,Y,N,3m,36m,"£200,000","£30,000,000",75% Gross,70% Gross,N,N,N,Y,Y,Y,N,2%,0.95%,N/A,N/A,N/A,N/A,N/A,N/A,N/A,N/A,N/A,N/A,N/A,N/A,N/A,N/A,N/A,N/A,N/A,N/A,N/A,N/A,N/A,N/A,N/A,N/A,N/A,N/A,N/A,N/A,N/A,N/A,N/A,N/A,N/A,N/A,N/A,N/A,N/A,N/A,N/A,N/A,N/A,,,,N/A,N/A,N/A,N/A,N/A,N/A,N/A,N/A,N/A,N/A,N/A,N/A,N/A,N/A,N/A,N/A,N/A,N/A,N/A,N/A,N/A,N/A,N/A,N/A,0.89%,75% Gross,Y (if less than 10% discrepancy to 180d),Y (if less than 10% discrepancy to 180d),N,N,N,Y,36m,"£200,000","£30,000,000","£200,000","£30,000,000",65%,,Y,N,N,N,,3m,36m,N,,,,,,"£200,000","£30,000,000",65%,,,,,3m,36m,,,,,Y,N,Y,Y,,,,,,,,,,,
Lender 44,Y,Y,Y,,Y,N,N,N,N,N,N,N,N,N,N,N,N,N,N,N,N,N,Y,Y,Y,N,Y,N,N,N,Y,N,N,Y,N,Y,,N,N,N,N,N,N,Y,N,Y,N,N,N,Y,Y,Y,Y,Y,N,Y,N,N,N,Y,Y,Y,Y,Y,Y,Y,Y,Y,Y,Y,Y,Y,Y,N,N,N,Y,Y,Y,Y,Y,N,N/A,N/A,N/A,N/A,N/A,N/A,N/A,N/A,N/A,N/A,N/A,N/A,N/A,N/A,N/A,N/A,N/A,N/A,N/A,N/A,N/A,N/A,N/A,N/A,N/A,N/A,N/A,N/A,N/A,N/A,N/A,N/A,N/A,N/A,N/A,N/A,N/A,N/A,N/A,N/A,N/A,N/A,N/A,N/A,N/A,N/A,N/A,N/A,,N/A,N/A,N/A,N/A,N/A,,N/A,N/A,N/A,N/A,N/A,N/A,N/A,N/A,N/A,N/A,N/A,N/A,N/A,N/A,N/A,N/A,N/A,N/A,N/A,N/A,N/A,N/A,N/A,N/A,N/A,N/A,N/A,N/A,N/A,N/A,N/A,N/A,N/A,N/A,N/A,N/A,N/A,N/A,N/A,N/A,N/A,N/A,N/A,N/A,N/A,N/A,N/A,N/A,N/A,N/A,N/A,,N/A,N/A,N/A,N/A,N/A,N/A,N/A,N/A,N/A,N/A,N/A,N/A,N/A,N/A,N/A,N/A,N/A,N/A,N/A,N/A,N/A,N/A,N/A,N/A,N/A,N/A,N/A,N/A,N/A,N/A,N/A,"£100,000","£10,000,000",70%,100%,100%,100%,No Min,No Max,Y,N,N,,Y,Y,Y,Y,N,N,Y,Y,70%,70%,N,N,Y,Y,Y,Y,Y (Half of the margin),,,,N,N,N,N,0%,Y,Y,N,N/A,N,Y,,,,1%,Gross,N/A,N/A,0.50%,None,"None (if refinancing with them)
1% if refinancing away ",,,2.75% + Base + 1% Development,2.75% + Base + 1% Development,70% Gross,Y,N,N,,,,No Max,"£100,000","£10,000,000","£100,000","£10,000,000",70%,,Y,N,N,N,,No Min,No Max,D (with exceptions),Y,Y,3.25% over Base,N,N,"£100,000","£10,000,000",70%,,VP,Y,Y,No Min,No Max,,N,N,3.25% over Base,Y,Y,Y,Y,,,,,,,,,,,
Lender 45,Y,Y,N,,N,N,N,N,N,N,N,N,N,N,N,N,N,N,N,Y,Y,Y,Y,,,Y,Y,Y,Y,Y,N,N,N,Y,N,Y,,N,Y,Y,Y,Y,Y,N,N,Y,N,Y,,N,N,N,N,Y,Y,Y,N,N,,Y,Y,Y,Y,Y,Y,Y,Y,Y,Y,Y,Y,Y,Y,Y,Y,Y,Y,Y,Y,Y,Y,Y,N/A,N/A,N/A,N/A,N/A,N/A,N/A,N/A,N/A,N/A,N/A,N/A,N/A,N/A,N/A,N/A,N/A,Y,Y,N,Y,N,"£30,000","£500,000",No Constraint,"60% Net LTV Rolled
65% Net LTV Serviced",N/A,,,Y,Y,Y,Internal Team,,Y,N,N,,Y,3m,12m,Y,"
2% Arrangement Fee
12m Rate the same",Y,65%,N,N,Y,,Y,Monthly,Y,N,N,,Y,Y,Y,N,Y,N,Y,2%,N/A,N/A,N/A,3m interest,£0,1%,,7d,3d,1.45%,1.65%,Y,N/A,,"£30,000","£500,000","60% Net Rolled
65% Net Serviced",100%,No Constraint,N/A,3m,12m,,OMV,Y,Y,Y,Y,2%,3m Interest,£950,"Y (Non-utilisation charged)
Can cancel funding allocation at any point",N,Y,N,,,,1.45-1.65%,1%,N/A,N/A,N/A,,N/A,N/A,N/A,N/A,N/A,N/A,N/A,N/A,N/A,N/A,N/A,N/A,N/A,N/A,N/A,N/A,N/A,N/A,N/A,N/A,N/A,N/A,N/A,N/A,N/A,N/A,N/A,N/A,N/A,N/A,N/A,"£30,000","£500,000","60% Net Rolled
65% Net Serviced",,No Constraint,100%,3m,12m,Y,N,N,,Y,Y,Y,Y,N/A,Y,Y,Y,Y,Y,,N,Y,Y,Y,Y,"Y (Charging full interest from D1)
Can cancel fund allocation",,,,No QS,,,,,,,,,N,N,,,,2%,Net,N,N/A,1%,None,3m Interest,Y,Monthly,1.45%,N/A,N/A,N/A,N/A,N/A,N/A,N/A,N/A,N/A,N/A,N/A,N/A,N/A,N/A,N/A,N/A,N/A,N/A,N/A,N/A,N/A,N/A,N/A,N/A,N/A,N/A,N/A,N/A,N/A,N/A,N/A,N/A,N/A,N/A,N/A,N/A,N/A,N/A,N/A,N/A,N/A,,,,,,,,,,,,,,,
Lender 46,Y,Y,Y,,Y,,,,,,,,,,,,,,,,,,,,,,,,,,,Y,Y,,,,,N,Y,,,,,,,Y,,,,,,Y,,,,,,,,,,,,,,,Y,,,,,,,,,,,,,,,,N/A,N/A,N/A,N/A,N/A,N/A,N/A,N/A,N/A,N/A,N/A,N/A,N/A,N/A,N/A,N/A,N/A,,,,,,,,,,,,,,,,,,,,,,,,,,,,,,,,,,Monthly,,,,,,,,,,,,,,,,,,,,,,0.75%,,,,,,,,,,,,,,,,,,,,,,,,,,,,,,,,,,,,,,,,,,,,,,,,,,,,,,,,,,,,,,,,,,,,,,,90%,,,,,,,,,,,,,,,,,,,,,,,,,,,,,,,,,,,,,,,,,,,,,,,,,,,,,,,,,,,,,,,,,,,,,,,,,,,,,,,,,,,,,,,,,,,,,,,,,,,,,,,,,,
Lender 47,Y,Y,Y,,Y,,Y,,,,,,,,,,Y,Y,Y,Y,,,,,,,Y,,,,,,,,,,,N,Y,Y,Y,Y,Y,Y,N,Y,N,Y,,Y,N,N,N,Y,Y,Y,Y,N,,Y,Y,Y,Y,Y,Y,Y,Y,Y,Y,Y,Y,Y,Y,Y,N,Y,,,,Y,,,N/A,N/A,N/A,N/A,N/A,N/A,N/A,N/A,N/A,N/A,N/A,N/A,N/A,N/A,N/A,N/A,N/A,Y,Y,N,Y,Y,"£1,000,000","£200,000,000",No Min,80% Gross,80% Gross,,N/A,N,N,N,"Savils, CBR, Knight Franks etc.",,N,Y,N,,Y,3m,24m,Y,,,,,Y,,,,Rule of 78,Y,N,N,,Y,Y,Y,Y,N,N,Y,1%,,,,3m,1%,Can Choose,,10d,2d over weekend,1-1.1% PCM,Small premium to 1st Charge,,,,"£1,500,000","£75,000,000",75%,,75%,,3m,24m,No Min,,,,,,,,,,,,,,,,7% over Base,,,,,,,,N/A,N/A,N/A,N/A,N/A,N/A,N/A,N/A,N/A,N/A,N/A,N/A,N/A,N/A,N/A,N/A,N/A,N/A,N/A,N/A,N/A,N/A,N/A,N/A,N/A,N/A,N/A,N/A,N/A,N/A,N/A,N/A,N/A,N/A,N/A,N/A,N/A,N/A,N/A,N/A,N/A,N/A,N/A,N/A,N/A,N/A,N/A,N/A,N/A,N/A,N/A,N/A,N/A,N/A,N/A,N/A,N/A,N/A,,,,N/A,N/A,,N/A,N/A,N/A,N/A,N/A,N/A,N/A,N/A,N/A,N/A,N/A,N/A,N/A,,,N/A,N/A,N/A,N/A,N/A,N/A,,,,,,,,,,,,N/A,N/A,N/A,N/A,N/A,N/A,N/A,N/A,N/A,N/A,N/A,N/A,N/A,N/A,N/A,N/A,N/A,N/A,N/A,N/A,N/A,N/A,N/A,N/A,N/A,N/A,N/A,N/A,N/A,N/A,,,,,,,,,,,,,,,
Lender 48,Y,Y,N,,N,N,N,N,N,N,N,N,N,N,N,N,N,N,N,Y,Y,Y,Y,Y,N,Y,Y,Y,Y,Y,N,Y,Y,Y,N,N,N,N,Y,Y,Y,Y,Y,N,N,Y,N,Y,Y,Y,N,N,Y,Y,N,Y,N,N,N,Y,Y,Y,N,Y,Y,Y,Y,Y,Y,Y,Y,Y,Y,Y,N,Y,N,Y,Y,Y,N,Y,N/A,N/A,N/A,N/A,N/A,N/A,N/A,N/A,N/A,N/A,N/A,N/A,N/A,N/A,N/A,N/A,N/A,,,,,,,,,,,,,,,,,,,,,,,,,,,,,,,,,,,,,,,,,,,,,,,,,,,,,,,,,,,,,,,,,,,,,,,,,,,,,,,,,,,,,,,N/A,N/A,N/A,N/A,N/A,N/A,N/A,N/A,N/A,N/A,N/A,N/A,N/A,N/A,N/A,N/A,N/A,N/A,N/A,N/A,N/A,N/A,N/A,N/A,N/A,N/A,N/A,N/A,N/A,N/A,N/A,N/A,N/A,N/A,N/A,,,,,,,,,,,,,,,,,,,,,,,,,,,,,,,,,,,,,,,,,,,,,,,,,,,,,,,,,,,,,,,,,,,,N/A,N/A,N/A,N/A,N/A,N/A,N/A,N/A,N/A,N/A,N/A,N/A,N/A,N/A,N/A,N/A,N/A,N/A,N/A,N/A,N/A,N/A,N/A,N/A,N/A,N/A,N/A,N/A,N/A,N/A,,,,,,,,,,,,,,,
Lender 49,Y,Y,N,,N,N,N,N,N,N,N,N,N,N,N,N,N,N,N,Y,Y,Y,Y,,,Y,Y,Y,Y,Y,N,N,N,Y,Y,N,,N,Y,N,Y,Y,Y,Y,Y,N,N,N,,Y,N,N,N,N,N,N,N,N,,Y,Y,Y,Y,Y,Y,N,Y,N,N,N,N,N,N,N,N,N,N,N,N,N,Y,Y,N/A,N/A,N/A,N/A,N/A,N/A,N/A,N/A,N/A,N/A,N/A,N/A,N/A,N/A,N/A,N/A,N/A,Y,N,N,Y,N,"£200,000","£10,000,000",No Min,80% Net,N/A,,No Cap,N,N,N,VAS Panel,,Y,N,N,,Y,6m,18m,Y,"1-3m Extension (£1-3k, set cost)",N,N/A,N/A,Y,Y,,N,Daily (compounded monthly),Y,Y,N/A,,Y,Y,Y,Y,N,N,N,2.00%,,,,,£0,2%,3%,4-6w,8d,0.75% (75% Gross),N/A,Y,N,,"£200,000","£5,000,000",BMV Refurb: Lower of 90% Net of PP,100%,75% Gross,N/A,6m,18m,N/A,,,N,N,N,2.00%,None,,N,Y,N,Y,"£415+ VAT Initial Report, £258+VAT Interim (Drawdown) Report",,,0.95% Refinance Exit,2%,N/A,N/A,N/A,,N/A,N/A,N/A,N/A,N/A,N/A,N/A,N/A,N/A,N/A,N/A,N/A,N/A,N/A,N/A,N/A,N/A,N/A,N/A,N/A,N/A,N/A,N/A,N/A,N/A,N/A,N/A,N/A,N/A,N/A,N/A,N/A,N/A,N/A,N/A,N/A,N/A,N/A,N/A,N/A,N/A,N/A,N/A,N/A,N/A,N/A,N/A,N/A,N/A,N/A,N/A,N/A,N/A,N/A,N/A,N/A,N/A,N/A,N/A,N/A,,,,N/A,N/A,N/A,N/A,N/A,N/A,N/A,N/A,N/A,N/A,N/A,N/A,N/A,N/A,N/A,N/A,N/A,N/A,N/A,N/A,N/A,N/A,N/A,N/A,0.75% (75% Gross),75% Gross,Y,N,N,,,,12m,"£200,000","£10,000,000",N/A,N/A,N/A,N/A,N/A,N/A,N/A,N/A,N/A,N/A,N/A,N/A,N/A,N/A,N/A,N/A,N/A,N/A,N/A,N/A,N/A,N/A,N/A,N/A,N/A,N/A,N/A,N/A,N/A,N/A,N,Y,,,,,,,,,,,,,
Lender 50,Y,Y,N,,N,N,N,N,N,N,N,N,N,N,N,N,N,N,N,Y,Y,Y,Y,,,Y,Y,Y,Y,Y,Y,Y,Y,Y,Y,N,,Y,Y,Y,Y,Y,Y,Y,Y (Coming),N,Y,Y,,Y,N,N,N,N,N,Y,N,N,,Y,Y,Y,Y,Y,Y,Y,Y,Y,N,Y,N,N,N,N,N,Y,Y,Y,Y,Y,Y,Y,Y,Y,N,"£50,000 Gross",12000000,70% Gross,,,,,,,,,,0.95% (70%),1.05 (65%),Y,Y,N,Y,N,50000,12000000,,70% Gross,65% Gross,,N/A,"Y (60% Gross, Max £750k Val)",N,N,Method (National),,Y (if liquid),Y (if illiquid),,,Y,1m,24m,Y,3m Max,,Y,N,Y,N,,Y,Monthly,Y,N,N,,Y,Y,Y,Y,N,N,N,0.02,N,N/A,N,1m,No,0.02,0.0299,2-3w,1w,0.0095,0.0105,Y,N,,50000,12000000,65% Gross,1,60% Gross,N/A,1m,24m,N/A,,,N,N,N,2% Gross,No,,N,,,N,Free. IMS (£500),,,0.0105,0.02,,,,,,,N/A,N/A,N/A,N/A,N/A,N/A,N/A,N/A,N/A,N/A,N/A,N/A,N/A,N/A,N/A,N/A,N/A,N/A,,,,,,,,,,,,N/A,N/A,N/A,N/A,N/A,N/A,N/A,N/A,N/A,N/A,N/A,N/A,N/A,N/A,N/A,N/A,N/A,N/A,N/A,N/A,N/A,N/A,N/A,N/A,N/A,N/A,N/A,N/A,N/A,,,,N/A,N/A,N/A,N/A,N/A,N/A,N/A,N/A,N/A,N/A,N/A,N/A,N/A,N/A,N/A,N/A,N/A,N/A,N/A,N/A,N/A,N/A,N/A,N/A,,,,,,,,,,,,N/A,N/A,N/A,N/A,N/A,N/A,N/A,N/A,N/A,N/A,N/A,N/A,N/A,N/A,N/A,N/A,N/A,N/A,N/A,N/A,N/A,N/A,N/A,N/A,N/A,N/A,N/A,N/A,N/A,N/A,,,,,,,,,,,,,,,
Lender 51,Y,Y,Y,,N,,,,,,,,,,,,,,,Y,,,,,,,,,,,,Y,Y,,,,,Y,,,,,,,,,"Y (50% of Plot, 60% of Build)",,,,,,,,,,Y,Y,,Y,,,,,,Y,Y,Y,Y,Y,Y,,,Y,Y,Y,Y,,,Y,,,,,,,,,,,,,,,,,,,,,,,,,,,,,,,,,,,,,,,,,,,,,,,,,,,,,Daily,,,,,,,,,,,,,,,,,,,,,,,,,,,,,,,,,,,,,,,,,,,,,,,,,,,,,<£1m = 85%,,,,,Base Rate + 2% (or +1% by exemption),Y,Y,3m,12m,50000,10000000,85% LTV (Under £1m),85% LTV (Under £1m),N,N,Y,Y,,Y,,,Base +2% (Under £1m),Base +2% (Under £1m),,,,,,,,,,,,,,,,,,,,,,,,,,,,,,,,,,,,,,,,,,,,,,,,,,,,,,,,,,,,,,,,,,,,,,,,,,,,,,,,,,,,,,,,,,,,,,,,,,,,,,,,,,,,,,,,,,,,,,,,,,,